/*******************************************************************************
 * Size: 16 px
 * Bpp: 8
 * Opts: --font C:/Windows/Fonts/simhei.ttf --size 16 --bpp 8 --no-compress --format lvgl --range 0x4E0B,0x4E3B,0x4FE1,0x50CF,0x5165,0x51FA,0x5355,0x53F7,0x5934,0x5B9E,0x5E27,0x5EA6,0x62E9,0x6309,0x6444,0x65CB,0x65E0,0x65F6,0x673A,0x7387,0x753B,0x8235,0x83DC,0x89D2,0x8C03,0x8F6C,0x8FDB,0x9000,0x9009,0x9762,0x20-0x7F --lv-font-name lv_font_simhei_16 -o C:\Users\30976\Desktop\学习\STM32F407VGT6\SoftWare\ui\src\lv_font_simhei_16.c
 ******************************************************************************/

#ifdef LV_LVGL_H_INCLUDE_SIMPLE
#include "lvgl.h"
#else
#include "lvgl/lvgl.h"
#endif

#ifndef LV_FONT_SIMHEI_16
#define LV_FONT_SIMHEI_16 1
#endif

#if LV_FONT_SIMHEI_16

/*-----------------
 *    BITMAPS
 *----------------*/

/*Store the image of the glyphs*/
static LV_ATTRIBUTE_LARGE_CONST const uint8_t glyph_bitmap[] = {
    /* U+0020 " " */

    /* U+0021 "!" */
    0xfa, 0xb9, 0xed, 0xac, 0xe1, 0xa0, 0xd4, 0x93,
    0xc8, 0x87, 0xbb, 0x7a, 0xaf, 0x6e, 0xa2, 0x61,
    0x8c, 0x50, 0x0, 0x0, 0xf0, 0xb4, 0xff, 0xc0,

    /* U+0022 "\"" */
    0xf4, 0x6d, 0x75, 0xed, 0xe0, 0x49, 0x60, 0xc9,
    0xd8, 0x32, 0x58, 0xb2, 0x69, 0x12, 0x29, 0x52,

    /* U+0023 "#" */
    0x0, 0x0, 0x7d, 0x83, 0x0, 0x6d, 0x93, 0x0,
    0x0, 0x0, 0x95, 0x6b, 0x0, 0x85, 0x7b, 0x0,
    0x0, 0x0, 0xad, 0x53, 0x0, 0x9d, 0x63, 0x0,
    0x8, 0xc, 0xc7, 0x44, 0xc, 0xb8, 0x53, 0x6,
    0xb0, 0xff, 0xff, 0xff, 0xff, 0xff, 0xff, 0x80,
    0x29, 0x3d, 0xfa, 0x3f, 0x3c, 0xf2, 0x49, 0x1e,
    0x0, 0x1d, 0xe2, 0x0, 0xd, 0xf2, 0x0, 0x0,
    0x8, 0x48, 0xc3, 0xc, 0x39, 0xd2, 0xc, 0x6,
    0xb0, 0xff, 0xff, 0xff, 0xff, 0xff, 0xff, 0x80,
    0x29, 0x9c, 0x9f, 0x3c, 0x8f, 0xac, 0x3c, 0x1e,
    0x0, 0x9c, 0x63, 0x0, 0x8c, 0x73, 0x0, 0x0,
    0x0, 0xbf, 0x41, 0x0, 0xaf, 0x51, 0x0, 0x0,

    /* U+0024 "$" */
    0x0, 0x0, 0x0, 0x90, 0x50, 0x0, 0x0, 0x0,
    0xd, 0xa4, 0xf8, 0xf1, 0x89, 0x1, 0x0, 0x95,
    0xd6, 0xb6, 0xa2, 0xfd, 0x4e, 0x0, 0xdf, 0x6c,
    0x90, 0x50, 0xc6, 0x98, 0x0, 0xde, 0x88, 0x90,
    0x50, 0x24, 0x23, 0x0, 0x89, 0xf6, 0xd1, 0x50,
    0x0, 0x0, 0x0, 0x6, 0x9e, 0xff, 0xbf, 0x1c,
    0x0, 0x0, 0x0, 0x0, 0x9c, 0xfb, 0xe2, 0x1a,
    0x0, 0x0, 0x0, 0x90, 0x74, 0xef, 0x97, 0x25,
    0xe4, 0x3c, 0x90, 0x50, 0x9f, 0xc5, 0xf, 0xfe,
    0x60, 0x90, 0x50, 0xa2, 0xb0, 0x0, 0xb8, 0xd8,
    0xb7, 0x9b, 0xf3, 0x63, 0x0, 0x16, 0xb7, 0xfa,
    0xf1, 0x8c, 0x2, 0x0, 0x0, 0x0, 0x90, 0x50,
    0x0, 0x0, 0x0, 0x0, 0x0, 0x48, 0x28, 0x0,
    0x0,

    /* U+0025 "%" */
    0x1e, 0xd6, 0xc6, 0xe, 0x0, 0x14, 0x4f, 0x0,
    0x7d, 0x89, 0xa8, 0x5c, 0x0, 0x75, 0x21, 0x0,
    0x9b, 0x63, 0x84, 0x7a, 0x2, 0x92, 0x0, 0x0,
    0x9b, 0x63, 0x84, 0x7a, 0x4c, 0x49, 0x0, 0x0,
    0x7e, 0x86, 0xa6, 0x5d, 0x93, 0x1, 0x0, 0x0,
    0x1f, 0xd7, 0xc8, 0x32, 0x72, 0x0, 0x0, 0x0,
    0x0, 0x0, 0x0, 0x83, 0x39, 0xdd, 0xbc, 0x8,
    0x0, 0x0, 0x8, 0x8c, 0x8d, 0x78, 0xb6, 0x4c,
    0x0, 0x0, 0x61, 0x35, 0xab, 0x53, 0x94, 0x6a,
    0x0, 0x0, 0x95, 0x0, 0xab, 0x53, 0x94, 0x6a,
    0x0, 0x36, 0x5f, 0x0, 0x8d, 0x77, 0xb5, 0x4c,
    0x0, 0x7e, 0x8, 0x0, 0x27, 0xdd, 0xbd, 0x8,

    /* U+0026 "&" */
    0x0, 0x0, 0x8a, 0xef, 0xca, 0x1c, 0x0, 0x0,
    0x0, 0x46, 0xf2, 0x50, 0xca, 0x8e, 0x0, 0x0,
    0x0, 0x76, 0xb7, 0x0, 0x8b, 0xa4, 0x0, 0x0,
    0x0, 0x61, 0xcd, 0x1, 0xcc, 0x73, 0x0, 0x0,
    0x0, 0x24, 0xfd, 0xab, 0xca, 0xb, 0x0, 0x0,
    0x0, 0xc, 0xee, 0xce, 0xc, 0x0, 0x0, 0x0,
    0x7, 0xbe, 0xd2, 0xf1, 0x17, 0xb, 0x58, 0x9,
    0x66, 0xe5, 0x8, 0xcf, 0xaa, 0x2b, 0xff, 0xb,
    0x96, 0xb6, 0x0, 0x35, 0xf9, 0xbd, 0xe1, 0x0,
    0x7f, 0xd6, 0x0, 0x0, 0x6c, 0xff, 0xa5, 0x0,
    0x2d, 0xfb, 0x96, 0x41, 0xa0, 0xf9, 0xff, 0x64,
    0x0, 0x4e, 0xd2, 0xf7, 0xc7, 0x29, 0x71, 0x34,

    /* U+0027 "'" */
    0x35, 0xff, 0x2d, 0x20, 0xff, 0xa, 0x18, 0xf2,
    0x0, 0x9, 0x72, 0x0,

    /* U+0028 "(" */
    0x0, 0x0, 0x0, 0x29, 0x3, 0x0, 0x0, 0x1b,
    0xe4, 0x34, 0x0, 0x0, 0xbf, 0x6f, 0x0, 0x0,
    0x52, 0xc5, 0x0, 0x0, 0x0, 0xc2, 0x40, 0x0,
    0x0, 0x14, 0xe5, 0x2, 0x0, 0x0, 0x3e, 0xb2,
    0x0, 0x0, 0x0, 0x55, 0x9a, 0x0, 0x0, 0x0,
    0x53, 0x9d, 0x0, 0x0, 0x0, 0x3c, 0xb5, 0x0,
    0x0, 0x0, 0xf, 0xe8, 0x4, 0x0, 0x0, 0x0,
    0xba, 0x4a, 0x0, 0x0, 0x0, 0x43, 0xd2, 0x3,
    0x0, 0x0, 0x0, 0xac, 0x8a, 0x0, 0x0, 0x0,
    0xf, 0xd6, 0x36, 0x0, 0x0, 0x0, 0x11, 0x0,

    /* U+0029 ")" */
    0x11, 0x1b, 0x0, 0x0, 0x0, 0x61, 0xcb, 0x8,
    0x0, 0x0, 0x0, 0x9f, 0x90, 0x0, 0x0, 0x0,
    0xe, 0xe3, 0x27, 0x0, 0x0, 0x0, 0x70, 0x91,
    0x0, 0x0, 0x0, 0x1c, 0xdf, 0x0, 0x0, 0x0,
    0x0, 0xe3, 0xd, 0x0, 0x0, 0x0, 0xcb, 0x24,
    0x0, 0x0, 0x0, 0xce, 0x22, 0x0, 0x0, 0x0,
    0xe6, 0xb, 0x0, 0x0, 0x22, 0xd9, 0x0, 0x0,
    0x0, 0x7b, 0x89, 0x0, 0x0, 0x16, 0xe6, 0x1d,
    0x0, 0x3, 0xb7, 0x7c, 0x0, 0x0, 0x67, 0xb2,
    0x2, 0x0, 0x0, 0x5, 0xc, 0x0, 0x0, 0x0,

    /* U+002A "*" */
    0x0, 0x0, 0x0, 0x9c, 0x9a, 0x0, 0x0, 0x0,
    0x19, 0x29, 0x0, 0x92, 0x91, 0x0, 0x2a, 0x19,
    0x7a, 0xf7, 0x72, 0x8a, 0x89, 0x72, 0xf7, 0x79,
    0x1, 0x58, 0xde, 0xf6, 0xf6, 0xde, 0x58, 0x1,
    0x0, 0x11, 0x93, 0xff, 0xff, 0x93, 0x11, 0x0,
    0x56, 0xee, 0xc7, 0xa8, 0xa7, 0xc7, 0xee, 0x55,
    0x3e, 0x7a, 0x3, 0x8d, 0x8c, 0x3, 0x7a, 0x3e,
    0x0, 0x0, 0x0, 0x96, 0x95, 0x0, 0x0, 0x0,
    0x0, 0x0, 0x0, 0x56, 0x55, 0x0, 0x0, 0x0,

    /* U+002B "+" */
    0x0, 0x0, 0x0, 0x69, 0x49, 0x0, 0x0, 0x0,
    0x0, 0x0, 0x0, 0xa0, 0x70, 0x0, 0x0, 0x0,
    0x0, 0x0, 0x0, 0xa0, 0x70, 0x0, 0x0, 0x0,
    0x0, 0x0, 0x0, 0xa0, 0x70, 0x0, 0x0, 0x0,
    0xa5, 0xf0, 0xf0, 0xfa, 0xf7, 0xf0, 0xf0, 0x78,
    0x16, 0x20, 0x20, 0xac, 0x82, 0x20, 0x20, 0x10,
    0x0, 0x0, 0x0, 0xa0, 0x70, 0x0, 0x0, 0x0,
    0x0, 0x0, 0x0, 0xa0, 0x70, 0x0, 0x0, 0x0,

    /* U+002C "," */
    0x52, 0x5a, 0xb0, 0xc0, 0x39, 0x8b, 0x87, 0x24,

    /* U+002D "-" */
    0xa7, 0xf4, 0xf4, 0xf4, 0xf4, 0xf4, 0xf4, 0x6a,
    0x16, 0x20, 0x20, 0x20, 0x20, 0x20, 0x20, 0xe,

    /* U+002E "." */
    0x5a, 0x52, 0xc0, 0xb0,

    /* U+002F "/" */
    0x0, 0x0, 0x0, 0x0, 0x0, 0x0, 0x2e, 0x2f,
    0x0, 0x0, 0x0, 0x0, 0x0, 0x0, 0xb3, 0x22,
    0x0, 0x0, 0x0, 0x0, 0x0, 0x3d, 0x97, 0x0,
    0x0, 0x0, 0x0, 0x0, 0x0, 0xba, 0x1b, 0x0,
    0x0, 0x0, 0x0, 0x0, 0x49, 0x8d, 0x0, 0x0,
    0x0, 0x0, 0x0, 0x1, 0xc0, 0x14, 0x0, 0x0,
    0x0, 0x0, 0x0, 0x54, 0x82, 0x0, 0x0, 0x0,
    0x0, 0x0, 0x3, 0xc4, 0xf, 0x0, 0x0, 0x0,
    0x0, 0x0, 0x5f, 0x77, 0x0, 0x0, 0x0, 0x0,
    0x0, 0x5, 0xc6, 0xa, 0x0, 0x0, 0x0, 0x0,
    0x0, 0x6a, 0x6c, 0x0, 0x0, 0x0, 0x0, 0x0,
    0x9, 0xc6, 0x6, 0x0, 0x0, 0x0, 0x0, 0x0,
    0x75, 0x61, 0x0, 0x0, 0x0, 0x0, 0x0, 0x0,
    0x35, 0x3, 0x0, 0x0, 0x0, 0x0, 0x0, 0x0,

    /* U+0030 "0" */
    0x0, 0x1, 0x81, 0xe8, 0xe2, 0x61, 0x0, 0x0,
    0x0, 0x79, 0xfa, 0x77, 0x75, 0xfb, 0x41, 0x0,
    0x8, 0xf2, 0x76, 0x0, 0x0, 0x95, 0xba, 0x0,
    0x3f, 0xff, 0x19, 0x0, 0x0, 0x44, 0xf8, 0x3,
    0x60, 0xeb, 0x0, 0x0, 0x0, 0x24, 0xff, 0x1b,
    0x6f, 0xd9, 0x0, 0x0, 0x0, 0x1a, 0xff, 0x29,
    0x6f, 0xd4, 0x0, 0x0, 0x0, 0x13, 0xff, 0x27,
    0x5e, 0xec, 0x0, 0x0, 0x0, 0x23, 0xff, 0x13,
    0x2a, 0xff, 0x21, 0x0, 0x0, 0x51, 0xf0, 0x0,
    0x0, 0xda, 0x8e, 0x0, 0x0, 0xb3, 0xab, 0x0,
    0x0, 0x58, 0xfd, 0xa2, 0xb2, 0xfb, 0x31, 0x0,
    0x0, 0x0, 0x4c, 0xc2, 0xbe, 0x3d, 0x0, 0x0,
    0x0, 0x0, 0x0, 0x0, 0x0, 0x0, 0x0, 0x0,

    /* U+0031 "1" */
    0x0, 0x0, 0x61, 0xc0, 0x0, 0x37, 0xf6, 0xc0,
    0x41, 0xf1, 0xcf, 0xc0, 0x7f, 0x4f, 0x80, 0xc0,
    0x2, 0x0, 0x80, 0xc0, 0x0, 0x0, 0x80, 0xc0,
    0x0, 0x0, 0x80, 0xc0, 0x0, 0x0, 0x80, 0xc0,
    0x0, 0x0, 0x80, 0xc0, 0x0, 0x0, 0x80, 0xc0,
    0x0, 0x0, 0x80, 0xc0, 0x0, 0x0, 0x80, 0xc0,

    /* U+0032 "2" */
    0x0, 0x0, 0x0, 0x0, 0x0, 0x0, 0x0, 0x0,
    0x0, 0x17, 0xb0, 0xf5, 0xf7, 0xa2, 0x8, 0x0,
    0x0, 0xc3, 0xe4, 0x71, 0x78, 0xf7, 0x89, 0x0,
    0x43, 0xf6, 0x21, 0x0, 0x0, 0x86, 0xda, 0x0,
    0xf, 0x2b, 0x0, 0x0, 0x0, 0x73, 0xdf, 0x0,
    0x0, 0x0, 0x0, 0x0, 0x0, 0xb8, 0xa7, 0x0,
    0x0, 0x0, 0x0, 0x0, 0x36, 0xff, 0x3a, 0x0,
    0x0, 0x0, 0x0, 0x4, 0xd0, 0xae, 0x0, 0x0,
    0x0, 0x0, 0x0, 0x83, 0xeb, 0x18, 0x0, 0x0,
    0x0, 0x0, 0x43, 0xfc, 0x4e, 0x0, 0x0, 0x0,
    0x0, 0x26, 0xed, 0x8f, 0x0, 0x0, 0x0, 0x0,
    0x2, 0xd0, 0xe0, 0x39, 0x34, 0x34, 0x34, 0x3,
    0x2f, 0xff, 0xff, 0xff, 0xff, 0xff, 0xff, 0x10,

    /* U+0033 "3" */
    0x0, 0x0, 0x5a, 0xb3, 0xb8, 0x69, 0x1, 0x0,
    0x0, 0x69, 0xeb, 0x79, 0x86, 0xfa, 0x7b, 0x0,
    0x9, 0xee, 0x44, 0x0, 0x0, 0x89, 0xd6, 0x0,
    0xb, 0x4d, 0x0, 0x0, 0x0, 0x6e, 0xd8, 0x0,
    0x0, 0x0, 0x0, 0x0, 0x16, 0xd3, 0x81, 0x0,
    0x0, 0x0, 0x0, 0x9a, 0xf3, 0xb6, 0x4, 0x0,
    0x0, 0x0, 0x0, 0x42, 0x9e, 0xf8, 0x56, 0x0,
    0x0, 0x0, 0x0, 0x0, 0x0, 0x89, 0xe3, 0x1,
    0xb, 0x30, 0x0, 0x0, 0x0, 0x49, 0xff, 0x8,
    0x32, 0xfa, 0x23, 0x0, 0x0, 0x75, 0xe6, 0x1,
    0x0, 0xc3, 0xdb, 0x60, 0x6d, 0xf3, 0x79, 0x0,
    0x0, 0x17, 0xa9, 0xf0, 0xe0, 0x76, 0x1, 0x0,

    /* U+0034 "4" */
    0x0, 0x0, 0x0, 0x0, 0x1d, 0xf3, 0x30, 0x0,
    0x0, 0x0, 0x0, 0x0, 0xb2, 0xff, 0x30, 0x0,
    0x0, 0x0, 0x0, 0x54, 0xf3, 0xff, 0x30, 0x0,
    0x0, 0x0, 0xf, 0xe6, 0x6c, 0xff, 0x30, 0x0,
    0x0, 0x0, 0x96, 0xc5, 0x2, 0xff, 0x30, 0x0,
    0x0, 0x39, 0xf6, 0x29, 0x0, 0xff, 0x30, 0x0,
    0x5, 0xd3, 0x7c, 0x0, 0x0, 0xff, 0x30, 0x0,
    0x7a, 0xd2, 0x5, 0x0, 0x0, 0xff, 0x30, 0x0,
    0xcf, 0xfc, 0xf8, 0xf8, 0xf8, 0xff, 0xf9, 0xaa,
    0x20, 0x28, 0x28, 0x28, 0x28, 0xff, 0x50, 0x1b,
    0x0, 0x0, 0x0, 0x0, 0x0, 0xff, 0x30, 0x0,
    0x0, 0x0, 0x0, 0x0, 0x0, 0xff, 0x30, 0x0,

    /* U+0035 "5" */
    0x0, 0x59, 0xff, 0xff, 0xff, 0xff, 0xb0, 0x0,
    0x0, 0x88, 0xb3, 0x38, 0x38, 0x38, 0x26, 0x0,
    0x0, 0xb8, 0x76, 0x0, 0x0, 0x0, 0x0, 0x0,
    0x0, 0xe9, 0x43, 0x0, 0x0, 0x0, 0x0, 0x0,
    0x1a, 0xff, 0xc8, 0xf4, 0xe6, 0x85, 0x4, 0x0,
    0x4d, 0xfd, 0x87, 0x43, 0x72, 0xf9, 0x7b, 0x0,
    0x10, 0x2c, 0x0, 0x0, 0x0, 0x80, 0xe1, 0x0,
    0x0, 0x0, 0x0, 0x0, 0x0, 0x41, 0xff, 0xa,
    0x23, 0x28, 0x0, 0x0, 0x0, 0x4b, 0xfb, 0x7,
    0x92, 0xb4, 0x0, 0x0, 0x0, 0xa3, 0xce, 0x0,
    0x31, 0xfa, 0x96, 0x5d, 0xa2, 0xff, 0x56, 0x0,
    0x0, 0x53, 0xdb, 0xf8, 0xcc, 0x44, 0x0, 0x0,

    /* U+0036 "6" */
    0x0, 0x0, 0x0, 0x9, 0xe1, 0x85, 0x0, 0x0,
    0x0, 0x0, 0x0, 0x81, 0xe5, 0xb, 0x0, 0x0,
    0x0, 0x0, 0x1f, 0xf6, 0x5d, 0x0, 0x0, 0x0,
    0x0, 0x0, 0xad, 0xc7, 0x1, 0x0, 0x0, 0x0,
    0x0, 0x40, 0xff, 0xb7, 0xa5, 0x78, 0x8, 0x0,
    0x0, 0xc3, 0xff, 0xcd, 0xc1, 0xfd, 0xc6, 0x5,
    0x27, 0xff, 0x80, 0x0, 0x0, 0x40, 0xfd, 0x59,
    0x56, 0xfe, 0x10, 0x0, 0x0, 0x0, 0xd7, 0x8d,
    0x57, 0xf7, 0x0, 0x0, 0x0, 0x0, 0xcf, 0x8d,
    0x28, 0xff, 0x31, 0x0, 0x0, 0x16, 0xf6, 0x5b,
    0x0, 0xb4, 0xd8, 0x51, 0x4a, 0xc7, 0xdf, 0x8,
    0x0, 0xb, 0x90, 0xe5, 0xf5, 0xc0, 0x28, 0x0,

    /* U+0037 "7" */
    0x50, 0xff, 0xff, 0xff, 0xff, 0xff, 0xff, 0x60,
    0x11, 0x38, 0x38, 0x38, 0x38, 0x52, 0xfe, 0x33,
    0x0, 0x0, 0x0, 0x0, 0x0, 0x90, 0xb5, 0x0,
    0x0, 0x0, 0x0, 0x0, 0x15, 0xf5, 0x36, 0x0,
    0x0, 0x0, 0x0, 0x0, 0x7c, 0xc6, 0x0, 0x0,
    0x0, 0x0, 0x0, 0x2, 0xe0, 0x5e, 0x0, 0x0,
    0x0, 0x0, 0x0, 0x49, 0xf0, 0x9, 0x0, 0x0,
    0x0, 0x0, 0x0, 0xa0, 0xa6, 0x0, 0x0, 0x0,
    0x0, 0x0, 0x5, 0xee, 0x56, 0x0, 0x0, 0x0,
    0x0, 0x0, 0x41, 0xfd, 0xf, 0x0, 0x0, 0x0,
    0x0, 0x0, 0x81, 0xd4, 0x0, 0x0, 0x0, 0x0,
    0x0, 0x0, 0xc0, 0x9c, 0x0, 0x0, 0x0, 0x0,

    /* U+0038 "8" */
    0x0, 0x1f, 0xbc, 0xf2, 0xe6, 0x8b, 0x4, 0x0,
    0x1, 0xc5, 0xa5, 0x42, 0x67, 0xf0, 0x7e, 0x0,
    0x1e, 0xfc, 0xb, 0x0, 0x0, 0x81, 0xce, 0x0,
    0x27, 0xfc, 0x8, 0x0, 0x0, 0x7b, 0xca, 0x0,
    0x2, 0xea, 0x85, 0x3, 0x1f, 0xde, 0x75, 0x0,
    0x0, 0x49, 0xff, 0xf8, 0xff, 0xa8, 0x4, 0x0,
    0x9, 0xd1, 0xbe, 0x59, 0x73, 0xea, 0x72, 0x0,
    0x61, 0xe5, 0x8, 0x0, 0x0, 0x49, 0xf7, 0xc,
    0x88, 0xbe, 0x0, 0x0, 0x0, 0x1c, 0xff, 0x29,
    0x74, 0xe9, 0x9, 0x0, 0x0, 0x64, 0xfe, 0x14,
    0x2e, 0xfc, 0xcf, 0x88, 0xa2, 0xf8, 0xaa, 0x0,
    0x0, 0x43, 0xc7, 0xf2, 0xf1, 0xa2, 0x11, 0x0,

    /* U+0039 "9" */
    0x0, 0x27, 0xb4, 0xf4, 0xe4, 0x77, 0x1, 0x0,
    0x11, 0xe7, 0xca, 0x62, 0x8d, 0xfd, 0x7c, 0x0,
    0x71, 0xef, 0x11, 0x0, 0x0, 0x92, 0xec, 0x0,
    0xa5, 0xb2, 0x0, 0x0, 0x0, 0x5c, 0xff, 0xa,
    0xa5, 0xb9, 0x0, 0x0, 0x0, 0x7c, 0xef, 0x0,
    0x6b, 0xf9, 0x37, 0x0, 0x1a, 0xe6, 0xa3, 0x0,
    0xb, 0xc5, 0xf9, 0xca, 0xf3, 0xff, 0x3b, 0x0,
    0x0, 0x4, 0x4f, 0x70, 0xee, 0xbe, 0x0, 0x0,
    0x0, 0x0, 0x0, 0x40, 0xff, 0x3c, 0x0, 0x0,
    0x0, 0x0, 0x0, 0xb6, 0xb6, 0x0, 0x0, 0x0,
    0x0, 0x0, 0x39, 0xfd, 0x2f, 0x0, 0x0, 0x0,
    0x0, 0x0, 0xbe, 0xa4, 0x0, 0x0, 0x0, 0x0,

    /* U+003A ":" */
    0xe0, 0x90, 0x6c, 0x45, 0x0, 0x0, 0x0, 0x0,
    0x0, 0x0, 0x0, 0x0, 0x69, 0x43, 0xe0, 0x90,

    /* U+003B ";" */
    0xe0, 0x90, 0x6c, 0x45, 0x0, 0x0, 0x0, 0x0,
    0x0, 0x0, 0x0, 0x0, 0x69, 0x43, 0xe0, 0x90,
    0x69, 0x5b, 0xa4, 0x7,

    /* U+003C "<" */
    0x0, 0x0, 0x0, 0x0, 0x0, 0x0, 0xd, 0x0,
    0x0, 0x0, 0x0, 0x0, 0x0, 0x1f, 0xd9, 0x25,
    0x0, 0x0, 0x0, 0x0, 0x20, 0xda, 0x50, 0x0,
    0x0, 0x0, 0x0, 0x22, 0xda, 0x4c, 0x0, 0x0,
    0x0, 0x0, 0x23, 0xda, 0x48, 0x0, 0x0, 0x0,
    0x0, 0x24, 0xd9, 0x45, 0x0, 0x0, 0x0, 0x0,
    0x25, 0xda, 0x41, 0x0, 0x0, 0x0, 0x0, 0x0,
    0x19, 0xd1, 0x56, 0x0, 0x0, 0x0, 0x0, 0x0,
    0x0, 0x15, 0xce, 0x61, 0x0, 0x0, 0x0, 0x0,
    0x0, 0x0, 0x12, 0xca, 0x6b, 0x0, 0x0, 0x0,
    0x0, 0x0, 0x0, 0xf, 0xc6, 0x76, 0x0, 0x0,
    0x0, 0x0, 0x0, 0x0, 0xc, 0xc1, 0x81, 0x0,
    0x0, 0x0, 0x0, 0x0, 0x0, 0xa, 0xb7, 0x28,
    0x0, 0x0, 0x0, 0x0, 0x0, 0x0, 0x0, 0x0,

    /* U+003D "=" */
    0xa5, 0xf0, 0xf0, 0xf0, 0xf0, 0xf0, 0xf0, 0x69,
    0x16, 0x20, 0x20, 0x20, 0x20, 0x20, 0x20, 0xe,
    0x0, 0x0, 0x0, 0x0, 0x0, 0x0, 0x0, 0x0,
    0x0, 0x0, 0x0, 0x0, 0x0, 0x0, 0x0, 0x0,
    0xa5, 0xf0, 0xf0, 0xf0, 0xf0, 0xf0, 0xf0, 0x69,
    0x16, 0x20, 0x20, 0x20, 0x20, 0x20, 0x20, 0xe,

    /* U+003E ">" */
    0x1, 0xc, 0x0, 0x0, 0x0, 0x0, 0x0, 0x0,
    0x40, 0xcb, 0x11, 0x0, 0x0, 0x0, 0x0, 0x0,
    0x0, 0x6c, 0xcc, 0x12, 0x0, 0x0, 0x0, 0x0,
    0x0, 0x0, 0x67, 0xcd, 0x13, 0x0, 0x0, 0x0,
    0x0, 0x0, 0x0, 0x62, 0xce, 0x14, 0x0, 0x0,
    0x0, 0x0, 0x0, 0x0, 0x5e, 0xcf, 0x15, 0x0,
    0x0, 0x0, 0x0, 0x0, 0x0, 0x5a, 0xd0, 0x16,
    0x0, 0x0, 0x0, 0x0, 0x0, 0x73, 0xc1, 0xd,
    0x0, 0x0, 0x0, 0x0, 0x7e, 0xbb, 0xa, 0x0,
    0x0, 0x0, 0x0, 0x89, 0xb6, 0x8, 0x0, 0x0,
    0x0, 0x1, 0x94, 0xaf, 0x6, 0x0, 0x0, 0x0,
    0x3, 0x9f, 0xa8, 0x4, 0x0, 0x0, 0x0, 0x0,
    0x45, 0xa1, 0x3, 0x0, 0x0, 0x0, 0x0, 0x0,
    0x0, 0x0, 0x0, 0x0, 0x0, 0x0, 0x0, 0x0,

    /* U+003F "?" */
    0x0, 0xa, 0x95, 0xeb, 0xe4, 0x83, 0x3, 0x0,
    0x9e, 0xed, 0x64, 0x79, 0xfe, 0x6c, 0x8, 0xf9,
    0x75, 0x0, 0x0, 0xc6, 0xbb, 0x1f, 0xd0, 0x3c,
    0x0, 0x0, 0xc3, 0xc1, 0x0, 0x0, 0x0, 0x0,
    0x20, 0xf7, 0x79, 0x0, 0x0, 0x0, 0xc, 0xd1,
    0xca, 0x6, 0x0, 0x0, 0x0, 0x87, 0xe4, 0x19,
    0x0, 0x0, 0x0, 0x0, 0xc9, 0x6c, 0x0, 0x0,
    0x0, 0x0, 0x0, 0x4a, 0x1c, 0x0, 0x0, 0x0,
    0x0, 0x0, 0x0, 0x0, 0x0, 0x0, 0x0, 0x0,
    0x0, 0x92, 0x44, 0x0, 0x0, 0x0, 0x0, 0x0,
    0xf0, 0x70, 0x0, 0x0,

    /* U+0040 "@" */
    0x0, 0x0, 0x61, 0x93, 0x8e, 0x95, 0x13, 0x0,
    0x0, 0x65, 0x5a, 0x0, 0x0, 0x18, 0x98, 0x0,
    0xf, 0x96, 0x0, 0x77, 0xbc, 0xba, 0x81, 0x25,
    0x5c, 0x43, 0x50, 0xa6, 0x2a, 0xd4, 0x40, 0x5b,
    0x8e, 0x10, 0xca, 0x2c, 0x43, 0xa8, 0x27, 0x77,
    0x9e, 0x17, 0xe2, 0x0, 0x6f, 0x7c, 0x2a, 0x77,
    0x9f, 0x35, 0xc6, 0x0, 0x9b, 0x50, 0x46, 0x5d,
    0x9c, 0x28, 0xe5, 0x11, 0xde, 0x42, 0x9d, 0x1d,
    0x79, 0x25, 0x9d, 0xdc, 0x7a, 0xe2, 0x64, 0x0,
    0x31, 0x73, 0x0, 0x0, 0x0, 0x0, 0x0, 0x0,
    0x0, 0x94, 0x2a, 0x0, 0x0, 0x46, 0x32, 0x0,
    0x0, 0x6, 0x80, 0x8c, 0x8e, 0x69, 0x0, 0x0,

    /* U+0041 "A" */
    0x0, 0x0, 0x0, 0xd2, 0xb0, 0x0, 0x0, 0x0,
    0x0, 0x0, 0x15, 0xfe, 0xf0, 0x3, 0x0, 0x0,
    0x0, 0x0, 0x57, 0xf3, 0xfd, 0x36, 0x0, 0x0,
    0x0, 0x0, 0x9a, 0xaf, 0xd0, 0x78, 0x0, 0x0,
    0x0, 0x0, 0xdc, 0x73, 0x94, 0xbb, 0x0, 0x0,
    0x0, 0x1f, 0xff, 0x37, 0x58, 0xf6, 0x7, 0x0,
    0x0, 0x62, 0xf7, 0xd, 0x24, 0xff, 0x40, 0x0,
    0x0, 0xa4, 0xff, 0xff, 0xff, 0xff, 0x83, 0x0,
    0x0, 0xe6, 0x96, 0x38, 0x38, 0xaf, 0xc6, 0x0,
    0x2a, 0xff, 0x43, 0x0, 0x0, 0x64, 0xfb, 0xd,
    0x6c, 0xfc, 0xc, 0x0, 0x0, 0x29, 0xff, 0x4b,
    0xaf, 0xcd, 0x0, 0x0, 0x0, 0x1, 0xec, 0x8e,

    /* U+0042 "B" */
    0x50, 0xff, 0xff, 0xff, 0xe8, 0x9e, 0xf, 0x0,
    0x50, 0xff, 0x5f, 0x48, 0x64, 0xea, 0xa4, 0x0,
    0x50, 0xff, 0x20, 0x0, 0x0, 0x77, 0xf6, 0x2,
    0x50, 0xff, 0x20, 0x0, 0x0, 0x71, 0xfc, 0x4,
    0x50, 0xff, 0x27, 0x8, 0x2b, 0xd9, 0xb4, 0x0,
    0x50, 0xff, 0xff, 0xff, 0xff, 0xd7, 0x12, 0x0,
    0x50, 0xff, 0x51, 0x39, 0x61, 0xe3, 0xb2, 0x0,
    0x50, 0xff, 0x20, 0x0, 0x0, 0x4e, 0xff, 0x3b,
    0x50, 0xff, 0x20, 0x0, 0x0, 0x29, 0xff, 0x5a,
    0x50, 0xff, 0x20, 0x0, 0x0, 0x56, 0xff, 0x42,
    0x50, 0xff, 0x5b, 0x47, 0x6d, 0xe7, 0xe2, 0x7,
    0x50, 0xff, 0xff, 0xff, 0xe8, 0xa8, 0x23, 0x0,

    /* U+0043 "C" */
    0x0, 0x0, 0x60, 0xde, 0xf6, 0xad, 0x14, 0x0,
    0x0, 0x51, 0xfe, 0x87, 0x5b, 0xdc, 0xb3, 0x0,
    0x0, 0xd7, 0xa5, 0x0, 0x0, 0x48, 0xff, 0x26,
    0x25, 0xff, 0x4e, 0x0, 0x0, 0x11, 0xff, 0x4b,
    0x51, 0xff, 0x26, 0x0, 0x0, 0x1, 0x50, 0x1c,
    0x67, 0xff, 0x15, 0x0, 0x0, 0x0, 0x0, 0x0,
    0x6d, 0xff, 0x12, 0x0, 0x0, 0x0, 0x0, 0x0,
    0x61, 0xff, 0x1d, 0x0, 0x0, 0x3, 0xcc, 0x53,
    0x3e, 0xff, 0x40, 0x0, 0x0, 0x15, 0xff, 0x52,
    0x8, 0xf1, 0x92, 0x0, 0x0, 0x53, 0xfe, 0x1d,
    0x0, 0x75, 0xfe, 0x86, 0x62, 0xe9, 0xaf, 0x0,
    0x0, 0x0, 0x74, 0xe5, 0xf5, 0xa4, 0xe, 0x0,

    /* U+0044 "D" */
    0x50, 0xff, 0xff, 0xf0, 0xbb, 0x3e, 0x0, 0x0,
    0x50, 0xff, 0x5f, 0x5f, 0xc9, 0xfb, 0x41, 0x0,
    0x50, 0xff, 0x20, 0x0, 0x8, 0xd8, 0xc7, 0x0,
    0x50, 0xff, 0x20, 0x0, 0x0, 0x77, 0xff, 0x12,
    0x50, 0xff, 0x20, 0x0, 0x0, 0x48, 0xff, 0x38,
    0x50, 0xff, 0x20, 0x0, 0x0, 0x36, 0xff, 0x49,
    0x50, 0xff, 0x20, 0x0, 0x0, 0x34, 0xff, 0x49,
    0x50, 0xff, 0x20, 0x0, 0x0, 0x45, 0xff, 0x39,
    0x50, 0xff, 0x20, 0x0, 0x0, 0x72, 0xfe, 0x10,
    0x50, 0xff, 0x20, 0x0, 0x6, 0xd2, 0xbf, 0x0,
    0x50, 0xff, 0x5b, 0x5a, 0xc3, 0xf5, 0x33, 0x0,
    0x50, 0xff, 0xff, 0xf0, 0xb2, 0x2f, 0x0, 0x0,

    /* U+0045 "E" */
    0x20, 0xff, 0xff, 0xff, 0xff, 0xff, 0xf0, 0x0,
    0x20, 0xff, 0x81, 0x48, 0x48, 0x48, 0x43, 0x0,
    0x20, 0xff, 0x50, 0x0, 0x0, 0x0, 0x0, 0x0,
    0x20, 0xff, 0x50, 0x0, 0x0, 0x0, 0x0, 0x0,
    0x20, 0xff, 0x55, 0x8, 0x8, 0x8, 0x4, 0x0,
    0x20, 0xff, 0xff, 0xff, 0xff, 0xff, 0x90, 0x0,
    0x20, 0xff, 0x76, 0x38, 0x38, 0x38, 0x1f, 0x0,
    0x20, 0xff, 0x50, 0x0, 0x0, 0x0, 0x0, 0x0,
    0x20, 0xff, 0x50, 0x0, 0x0, 0x0, 0x0, 0x0,
    0x20, 0xff, 0x50, 0x0, 0x0, 0x0, 0x0, 0x0,
    0x20, 0xff, 0x7e, 0x44, 0x44, 0x44, 0x44, 0x11,
    0x20, 0xff, 0xff, 0xff, 0xff, 0xff, 0xff, 0x40,

    /* U+0046 "F" */
    0x40, 0xff, 0xff, 0xff, 0xff, 0xff, 0xff, 0x50,
    0x40, 0xff, 0x6a, 0x48, 0x48, 0x48, 0x48, 0x16,
    0x40, 0xff, 0x30, 0x0, 0x0, 0x0, 0x0, 0x0,
    0x40, 0xff, 0x30, 0x0, 0x0, 0x0, 0x0, 0x0,
    0x40, 0xff, 0x30, 0x0, 0x0, 0x0, 0x0, 0x0,
    0x40, 0xff, 0x39, 0xc, 0xc, 0xc, 0x0, 0x0,
    0x40, 0xff, 0xff, 0xff, 0xff, 0xff, 0x10, 0x0,
    0x40, 0xff, 0x60, 0x3c, 0x3c, 0x3c, 0x3, 0x0,
    0x40, 0xff, 0x30, 0x0, 0x0, 0x0, 0x0, 0x0,
    0x40, 0xff, 0x30, 0x0, 0x0, 0x0, 0x0, 0x0,
    0x40, 0xff, 0x30, 0x0, 0x0, 0x0, 0x0, 0x0,
    0x40, 0xff, 0x30, 0x0, 0x0, 0x0, 0x0, 0x0,

    /* U+0047 "G" */
    0x0, 0x0, 0x7b, 0xe9, 0xf1, 0x94, 0x4, 0x0,
    0x0, 0x6a, 0xf9, 0x71, 0x68, 0xf3, 0x76, 0x0,
    0x1, 0xe4, 0x8e, 0x0, 0x0, 0x82, 0xe1, 0x0,
    0x2c, 0xff, 0x45, 0x0, 0x0, 0x4f, 0xff, 0xb,
    0x54, 0xff, 0x23, 0x0, 0x0, 0xb, 0x2c, 0x4,
    0x68, 0xff, 0x14, 0x0, 0xc, 0xc, 0xc, 0x1,
    0x6d, 0xff, 0x12, 0x10, 0xff, 0xff, 0xff, 0x20,
    0x62, 0xff, 0x1e, 0x3, 0x3c, 0x54, 0xff, 0x20,
    0x40, 0xff, 0x40, 0x0, 0x0, 0x2c, 0xff, 0x20,
    0x9, 0xf4, 0x94, 0x0, 0x0, 0x5e, 0xff, 0x20,
    0x0, 0x7d, 0xfe, 0x85, 0x60, 0xe6, 0xff, 0x20,
    0x0, 0x1, 0x82, 0xee, 0xe9, 0x77, 0xfd, 0x20,

    /* U+0048 "H" */
    0x50, 0xff, 0x20, 0x0, 0x0, 0x50, 0xff, 0x20,
    0x50, 0xff, 0x20, 0x0, 0x0, 0x50, 0xff, 0x20,
    0x50, 0xff, 0x20, 0x0, 0x0, 0x50, 0xff, 0x20,
    0x50, 0xff, 0x20, 0x0, 0x0, 0x50, 0xff, 0x20,
    0x50, 0xff, 0x27, 0x8, 0x8, 0x55, 0xff, 0x20,
    0x50, 0xff, 0xff, 0xff, 0xff, 0xff, 0xff, 0x20,
    0x50, 0xff, 0x51, 0x38, 0x38, 0x76, 0xff, 0x20,
    0x50, 0xff, 0x20, 0x0, 0x0, 0x50, 0xff, 0x20,
    0x50, 0xff, 0x20, 0x0, 0x0, 0x50, 0xff, 0x20,
    0x50, 0xff, 0x20, 0x0, 0x0, 0x50, 0xff, 0x20,
    0x50, 0xff, 0x20, 0x0, 0x0, 0x50, 0xff, 0x20,
    0x50, 0xff, 0x20, 0x0, 0x0, 0x50, 0xff, 0x20,

    /* U+0049 "I" */
    0xd0, 0xa0, 0xd0, 0xa0, 0xd0, 0xa0, 0xd0, 0xa0,
    0xd0, 0xa0, 0xd0, 0xa0, 0xd0, 0xa0, 0xd0, 0xa0,
    0xd0, 0xa0, 0xd0, 0xa0, 0xd0, 0xa0, 0xd0, 0xa0,

    /* U+004A "J" */
    0x0, 0x0, 0x0, 0x0, 0x0, 0x70, 0xff, 0x0,
    0x0, 0x0, 0x0, 0x0, 0x70, 0xff, 0x0, 0x0,
    0x0, 0x0, 0x0, 0x70, 0xff, 0x0, 0x0, 0x0,
    0x0, 0x0, 0x70, 0xff, 0x0, 0x0, 0x0, 0x0,
    0x0, 0x70, 0xff, 0x0, 0x0, 0x0, 0x0, 0x0,
    0x70, 0xff, 0x0, 0x0, 0x0, 0x0, 0x0, 0x70,
    0xff, 0x20, 0xac, 0x2b, 0x0, 0x0, 0x70, 0xff,
    0x2a, 0xff, 0x46, 0x0, 0x0, 0x7b, 0xf7, 0xc,
    0xfd, 0x75, 0x0, 0x0, 0xa9, 0xd4, 0x0, 0xad,
    0xf2, 0x7e, 0x95, 0xfd, 0x79, 0x0, 0xf, 0x9f,
    0xed, 0xe2, 0x81, 0x3,

    /* U+004B "K" */
    0x50, 0xff, 0x20, 0x0, 0x0, 0xa8, 0xec, 0x19,
    0x50, 0xff, 0x20, 0x0, 0x57, 0xff, 0x51, 0x0,
    0x50, 0xff, 0x20, 0x19, 0xed, 0x9d, 0x0, 0x0,
    0x50, 0xff, 0x20, 0xb6, 0xdc, 0xc, 0x0, 0x0,
    0x50, 0xff, 0x88, 0xff, 0x41, 0x0, 0x0, 0x0,
    0x50, 0xff, 0xfd, 0xff, 0x73, 0x0, 0x0, 0x0,
    0x50, 0xff, 0xca, 0xaa, 0xe7, 0x8, 0x0, 0x0,
    0x50, 0xff, 0x36, 0x2c, 0xfe, 0x6d, 0x0, 0x0,
    0x50, 0xff, 0x20, 0x0, 0xb0, 0xe3, 0x6, 0x0,
    0x50, 0xff, 0x20, 0x0, 0x34, 0xff, 0x67, 0x0,
    0x50, 0xff, 0x20, 0x0, 0x0, 0xb9, 0xdf, 0x4,
    0x50, 0xff, 0x20, 0x0, 0x0, 0x3e, 0xff, 0x61,

    /* U+004C "L" */
    0x40, 0xff, 0x30, 0x0, 0x0, 0x0, 0x0, 0x0,
    0x40, 0xff, 0x30, 0x0, 0x0, 0x0, 0x0, 0x0,
    0x40, 0xff, 0x30, 0x0, 0x0, 0x0, 0x0, 0x0,
    0x40, 0xff, 0x30, 0x0, 0x0, 0x0, 0x0, 0x0,
    0x40, 0xff, 0x30, 0x0, 0x0, 0x0, 0x0, 0x0,
    0x40, 0xff, 0x30, 0x0, 0x0, 0x0, 0x0, 0x0,
    0x40, 0xff, 0x30, 0x0, 0x0, 0x0, 0x0, 0x0,
    0x40, 0xff, 0x30, 0x0, 0x0, 0x0, 0x0, 0x0,
    0x40, 0xff, 0x30, 0x0, 0x0, 0x0, 0x0, 0x0,
    0x40, 0xff, 0x30, 0x0, 0x0, 0x0, 0x0, 0x0,
    0x40, 0xff, 0x67, 0x44, 0x44, 0x44, 0x44, 0x11,
    0x40, 0xff, 0xff, 0xff, 0xff, 0xff, 0xff, 0x40,

    /* U+004D "M" */
    0x70, 0xff, 0x95, 0x0, 0x0, 0xb6, 0xff, 0x50,
    0x70, 0xff, 0xc0, 0x0, 0x0, 0xe1, 0xff, 0x50,
    0x70, 0xff, 0xec, 0x0, 0xd, 0xff, 0xff, 0x50,
    0x70, 0xe1, 0xfd, 0x17, 0x38, 0xe9, 0xf4, 0x50,
    0x70, 0xd0, 0xdb, 0x43, 0x64, 0xba, 0xf0, 0x50,
    0x70, 0xd0, 0xaf, 0x6e, 0x8f, 0x8e, 0xf0, 0x50,
    0x70, 0xd0, 0x83, 0x99, 0xba, 0x62, 0xf0, 0x50,
    0x70, 0xd0, 0x57, 0xc5, 0xe6, 0x36, 0xf0, 0x50,
    0x70, 0xd0, 0x2b, 0xfc, 0xfe, 0xb, 0xf0, 0x50,
    0x70, 0xd0, 0x4, 0xf9, 0xde, 0x0, 0xf0, 0x50,
    0x70, 0xd0, 0x0, 0xd3, 0xb2, 0x0, 0xf0, 0x50,
    0x70, 0xd0, 0x0, 0xa6, 0x86, 0x0, 0xf0, 0x50,

    /* U+004E "N" */
    0x60, 0xff, 0x62, 0x0, 0x0, 0x50, 0xff, 0x20,
    0x60, 0xff, 0xc7, 0x0, 0x0, 0x50, 0xff, 0x20,
    0x60, 0xff, 0xff, 0x2c, 0x0, 0x50, 0xff, 0x20,
    0x60, 0xff, 0xdb, 0x91, 0x0, 0x50, 0xff, 0x20,
    0x60, 0xff, 0x76, 0xee, 0x8, 0x50, 0xff, 0x20,
    0x60, 0xff, 0x1d, 0xf4, 0x5b, 0x50, 0xff, 0x20,
    0x60, 0xff, 0x10, 0x9c, 0xc0, 0x50, 0xff, 0x20,
    0x60, 0xff, 0x10, 0x37, 0xff, 0x76, 0xff, 0x20,
    0x60, 0xff, 0x10, 0x0, 0xd2, 0xdb, 0xff, 0x20,
    0x60, 0xff, 0x10, 0x0, 0x6d, 0xff, 0xff, 0x20,
    0x60, 0xff, 0x10, 0x0, 0x11, 0xf7, 0xff, 0x20,
    0x60, 0xff, 0x10, 0x0, 0x0, 0xa3, 0xff, 0x20,

    /* U+004F "O" */
    0x0, 0xd, 0x9e, 0xf2, 0xec, 0x8b, 0x3, 0x0,
    0x0, 0xaa, 0xf4, 0x6c, 0x7d, 0xfd, 0x81, 0x0,
    0x21, 0xff, 0x67, 0x0, 0x0, 0x91, 0xef, 0x3,
    0x5e, 0xff, 0x1c, 0x0, 0x0, 0x4b, 0xff, 0x2f,
    0x7e, 0xfc, 0x1, 0x0, 0x0, 0x2e, 0xff, 0x4e,
    0x8b, 0xf2, 0x0, 0x0, 0x0, 0x23, 0xff, 0x5b,
    0x8b, 0xf3, 0x0, 0x0, 0x0, 0x24, 0xff, 0x5a,
    0x7c, 0xfc, 0x2, 0x0, 0x0, 0x2f, 0xff, 0x4c,
    0x5a, 0xff, 0x1f, 0x0, 0x0, 0x4d, 0xff, 0x2c,
    0x1d, 0xfe, 0x6a, 0x0, 0x0, 0x94, 0xec, 0x2,
    0x0, 0xa5, 0xf5, 0x6d, 0x7d, 0xfd, 0x7c, 0x0,
    0x0, 0xc, 0x9d, 0xf2, 0xed, 0x89, 0x3, 0x0,

    /* U+0050 "P" */
    0x30, 0xff, 0xff, 0xff, 0xec, 0xab, 0x1a, 0x0,
    0x30, 0xff, 0x76, 0x49, 0x68, 0xdd, 0xcb, 0x1,
    0x30, 0xff, 0x40, 0x0, 0x0, 0x41, 0xff, 0x35,
    0x30, 0xff, 0x40, 0x0, 0x0, 0x18, 0xff, 0x56,
    0x30, 0xff, 0x40, 0x0, 0x0, 0x30, 0xff, 0x3e,
    0x30, 0xff, 0x49, 0xd, 0x2a, 0xb9, 0xe4, 0xa,
    0x30, 0xff, 0xff, 0xff, 0xff, 0xe4, 0x3d, 0x0,
    0x30, 0xff, 0x6d, 0x3c, 0x28, 0x3, 0x0, 0x0,
    0x30, 0xff, 0x40, 0x0, 0x0, 0x0, 0x0, 0x0,
    0x30, 0xff, 0x40, 0x0, 0x0, 0x0, 0x0, 0x0,
    0x30, 0xff, 0x40, 0x0, 0x0, 0x0, 0x0, 0x0,
    0x30, 0xff, 0x40, 0x0, 0x0, 0x0, 0x0, 0x0,

    /* U+0051 "Q" */
    0x0, 0xd, 0x9e, 0xf2, 0xec, 0x8b, 0x3, 0x0,
    0x0, 0xaa, 0xf4, 0x6c, 0x7d, 0xfd, 0x81, 0x0,
    0x21, 0xff, 0x67, 0x0, 0x0, 0x91, 0xee, 0x3,
    0x5e, 0xff, 0x1c, 0x0, 0x0, 0x4b, 0xff, 0x2e,
    0x7e, 0xfc, 0x1, 0x0, 0x0, 0x2e, 0xff, 0x4e,
    0x8b, 0xf2, 0x0, 0x0, 0x0, 0x23, 0xff, 0x5b,
    0x8b, 0xf3, 0x0, 0x0, 0x0, 0x22, 0xff, 0x5a,
    0x7c, 0xfc, 0x2, 0x0, 0x7f, 0x37, 0xff, 0x4e,
    0x5a, 0xff, 0x1f, 0x6, 0xf0, 0xbc, 0xff, 0x2f,
    0x1d, 0xfe, 0x6a, 0x0, 0x89, 0xff, 0xed, 0x3,
    0x0, 0xa5, 0xf5, 0x6d, 0x84, 0xff, 0x92, 0x0,
    0x0, 0xc, 0x9d, 0xf2, 0xec, 0xd7, 0xc7, 0x0,
    0x0, 0x0, 0x0, 0x0, 0x0, 0x2d, 0x31, 0x0,

    /* U+0052 "R" */
    0x50, 0xff, 0xff, 0xff, 0xe3, 0x94, 0xf, 0x0,
    0x50, 0xff, 0x5f, 0x4d, 0x7e, 0xf6, 0xb3, 0x0,
    0x50, 0xff, 0x20, 0x0, 0x0, 0x7d, 0xfe, 0x11,
    0x50, 0xff, 0x20, 0x0, 0x0, 0x49, 0xff, 0x2a,
    0x50, 0xff, 0x20, 0x0, 0x0, 0x60, 0xff, 0x17,
    0x50, 0xff, 0x2a, 0xc, 0x33, 0xd9, 0xcc, 0x0,
    0x50, 0xff, 0xff, 0xff, 0xff, 0xd6, 0x27, 0x0,
    0x50, 0xff, 0x54, 0x4d, 0xfc, 0x59, 0x0, 0x0,
    0x50, 0xff, 0x20, 0x0, 0xa7, 0xd2, 0x1, 0x0,
    0x50, 0xff, 0x20, 0x0, 0x2f, 0xff, 0x4d, 0x0,
    0x50, 0xff, 0x20, 0x0, 0x0, 0xb5, 0xc8, 0x0,
    0x50, 0xff, 0x20, 0x0, 0x0, 0x3c, 0xff, 0x42,

    /* U+0053 "S" */
    0x0, 0xe, 0x9b, 0xec, 0xed, 0x91, 0x3, 0x0,
    0x0, 0xac, 0xe4, 0x6b, 0x88, 0xfd, 0x6e, 0x0,
    0xf, 0xff, 0x59, 0x0, 0x0, 0xa6, 0xcd, 0x0,
    0x22, 0xff, 0x5c, 0x0, 0x0, 0x2d, 0x50, 0x0,
    0x2, 0xd4, 0xe5, 0x4d, 0x0, 0x0, 0x0, 0x0,
    0x0, 0x22, 0xce, 0xff, 0xcb, 0x3b, 0x0, 0x0,
    0x0, 0x0, 0x1, 0x55, 0xda, 0xfb, 0x5a, 0x0,
    0x0, 0x0, 0x0, 0x0, 0xa, 0xbe, 0xf1, 0xd,
    0x5a, 0xd4, 0x3, 0x0, 0x0, 0x40, 0xff, 0x34,
    0x4b, 0xff, 0x32, 0x0, 0x0, 0x5b, 0xff, 0x19,
    0x8, 0xdd, 0xd9, 0x5d, 0x67, 0xe7, 0xb3, 0x0,
    0x0, 0x22, 0xb4, 0xef, 0xe6, 0x9b, 0x11, 0x0,

    /* U+0054 "T" */
    0x50, 0xff, 0xff, 0xff, 0xff, 0xff, 0xff, 0x20,
    0x16, 0x48, 0x48, 0xdd, 0xbb, 0x48, 0x48, 0x9,
    0x0, 0x0, 0x0, 0xd0, 0xa0, 0x0, 0x0, 0x0,
    0x0, 0x0, 0x0, 0xd0, 0xa0, 0x0, 0x0, 0x0,
    0x0, 0x0, 0x0, 0xd0, 0xa0, 0x0, 0x0, 0x0,
    0x0, 0x0, 0x0, 0xd0, 0xa0, 0x0, 0x0, 0x0,
    0x0, 0x0, 0x0, 0xd0, 0xa0, 0x0, 0x0, 0x0,
    0x0, 0x0, 0x0, 0xd0, 0xa0, 0x0, 0x0, 0x0,
    0x0, 0x0, 0x0, 0xd0, 0xa0, 0x0, 0x0, 0x0,
    0x0, 0x0, 0x0, 0xd0, 0xa0, 0x0, 0x0, 0x0,
    0x0, 0x0, 0x0, 0xd0, 0xa0, 0x0, 0x0, 0x0,
    0x0, 0x0, 0x0, 0xd0, 0xa0, 0x0, 0x0, 0x0,

    /* U+0055 "U" */
    0x50, 0xff, 0x20, 0x0, 0x0, 0x40, 0xff, 0x30,
    0x50, 0xff, 0x20, 0x0, 0x0, 0x40, 0xff, 0x30,
    0x50, 0xff, 0x20, 0x0, 0x0, 0x40, 0xff, 0x30,
    0x50, 0xff, 0x20, 0x0, 0x0, 0x40, 0xff, 0x30,
    0x50, 0xff, 0x20, 0x0, 0x0, 0x40, 0xff, 0x30,
    0x50, 0xff, 0x20, 0x0, 0x0, 0x40, 0xff, 0x30,
    0x50, 0xff, 0x20, 0x0, 0x0, 0x40, 0xff, 0x30,
    0x50, 0xff, 0x20, 0x0, 0x0, 0x40, 0xff, 0x30,
    0x49, 0xff, 0x24, 0x0, 0x0, 0x45, 0xff, 0x29,
    0x2a, 0xff, 0x4f, 0x0, 0x0, 0x70, 0xfe, 0xb,
    0x0, 0xcd, 0xe0, 0x5f, 0x69, 0xed, 0xad, 0x0,
    0x0, 0x1e, 0xb3, 0xed, 0xe8, 0xa4, 0x12, 0x0,

    /* U+0056 "V" */
    0xbf, 0xbe, 0x0, 0x0, 0x0, 0x7, 0xf7, 0x7e,
    0x7c, 0xf5, 0x5, 0x0, 0x0, 0x3c, 0xff, 0x3b,
    0x3a, 0xff, 0x38, 0x0, 0x0, 0x79, 0xf3, 0x5,
    0x4, 0xf2, 0x75, 0x0, 0x0, 0xb6, 0xb6, 0x0,
    0x0, 0xb4, 0xb2, 0x0, 0x2, 0xf0, 0x73, 0x0,
    0x0, 0x72, 0xee, 0x1, 0x30, 0xff, 0x30, 0x0,
    0x0, 0x2f, 0xff, 0x2c, 0x6d, 0xec, 0x1, 0x0,
    0x0, 0x1, 0xea, 0x69, 0xaa, 0xab, 0x0, 0x0,
    0x0, 0x0, 0xaa, 0xa6, 0xe6, 0x68, 0x0, 0x0,
    0x0, 0x0, 0x67, 0xf8, 0xff, 0x26, 0x0, 0x0,
    0x0, 0x0, 0x24, 0xff, 0xe3, 0x0, 0x0, 0x0,
    0x0, 0x0, 0x0, 0xe1, 0xa1, 0x0, 0x0, 0x0,

    /* U+0057 "W" */
    0xe2, 0x7a, 0x0, 0xe0, 0x9f, 0x0, 0xbc, 0xa0,
    0xc4, 0x91, 0x3, 0xfb, 0xbe, 0x0, 0xd2, 0x83,
    0xa7, 0xa8, 0x1e, 0xff, 0xdd, 0x0, 0xe9, 0x66,
    0x8a, 0xbf, 0x3d, 0xc5, 0xf6, 0x5, 0xfd, 0x48,
    0x6c, 0xd6, 0x5c, 0xa0, 0xe1, 0x33, 0xff, 0x2b,
    0x4f, 0xed, 0x7b, 0x80, 0xc1, 0x69, 0xff, 0xe,
    0x32, 0xfe, 0xa0, 0x60, 0xa1, 0x9f, 0xf0, 0x0,
    0x14, 0xff, 0xdc, 0x40, 0x81, 0xdc, 0xd3, 0x0,
    0x0, 0xf6, 0xff, 0x20, 0x61, 0xff, 0xb6, 0x0,
    0x0, 0xda, 0xfc, 0x4, 0x41, 0xff, 0x98, 0x0,
    0x0, 0xbc, 0xe0, 0x0, 0x21, 0xff, 0x7b, 0x0,
    0x0, 0x9f, 0xc0, 0x0, 0x4, 0xfc, 0x5e, 0x0,

    /* U+0058 "X" */
    0x35, 0xff, 0x44, 0x0, 0x0, 0x86, 0xeb, 0x9,
    0x0, 0xbf, 0xaf, 0x0, 0x6, 0xe9, 0x7e, 0x0,
    0x0, 0x49, 0xfc, 0x1e, 0x5b, 0xf5, 0x13, 0x0,
    0x0, 0x0, 0xd2, 0x85, 0xc6, 0x92, 0x0, 0x0,
    0x0, 0x0, 0x5d, 0xf3, 0xfb, 0x20, 0x0, 0x0,
    0x0, 0x0, 0x4, 0xed, 0xb1, 0x0, 0x0, 0x0,
    0x0, 0x0, 0x31, 0xff, 0xe8, 0x8, 0x0, 0x0,
    0x0, 0x0, 0xa8, 0xb9, 0xeb, 0x67, 0x0, 0x0,
    0x0, 0x22, 0xfc, 0x43, 0x84, 0xdb, 0x2, 0x0,
    0x0, 0x96, 0xd4, 0x0, 0x1a, 0xfa, 0x55, 0x0,
    0x16, 0xf7, 0x65, 0x0, 0x0, 0xa6, 0xcc, 0x0,
    0x84, 0xed, 0x9, 0x0, 0x0, 0x37, 0xff, 0x44,

    /* U+0059 "Y" */
    0x87, 0xe2, 0x3, 0x0, 0x0, 0x1b, 0xfb, 0x56,
    0x1a, 0xfa, 0x53, 0x0, 0x0, 0x84, 0xe0, 0x3,
    0x0, 0xa3, 0xc0, 0x0, 0x7, 0xea, 0x72, 0x0,
    0x0, 0x31, 0xff, 0x2e, 0x5f, 0xf1, 0xe, 0x0,
    0x0, 0x0, 0xbf, 0x9b, 0xcc, 0x8e, 0x0, 0x0,
    0x0, 0x0, 0x4d, 0xfc, 0xfc, 0x20, 0x0, 0x0,
    0x0, 0x0, 0x1, 0xe2, 0xb3, 0x0, 0x0, 0x0,
    0x0, 0x0, 0x0, 0xd0, 0xa0, 0x0, 0x0, 0x0,
    0x0, 0x0, 0x0, 0xd0, 0xa0, 0x0, 0x0, 0x0,
    0x0, 0x0, 0x0, 0xd0, 0xa0, 0x0, 0x0, 0x0,
    0x0, 0x0, 0x0, 0xd0, 0xa0, 0x0, 0x0, 0x0,
    0x0, 0x0, 0x0, 0xd0, 0xa0, 0x0, 0x0, 0x0,

    /* U+005A "Z" */
    0x10, 0xff, 0xff, 0xff, 0xff, 0xff, 0xff, 0x10,
    0x4, 0x48, 0x48, 0x48, 0x48, 0xb0, 0xe7, 0x5,
    0x0, 0x0, 0x0, 0x0, 0x14, 0xf2, 0x68, 0x0,
    0x0, 0x0, 0x0, 0x0, 0x90, 0xda, 0x4, 0x0,
    0x0, 0x0, 0x0, 0x20, 0xf9, 0x56, 0x0, 0x0,
    0x0, 0x0, 0x0, 0xa2, 0xcc, 0x1, 0x0, 0x0,
    0x0, 0x0, 0x2e, 0xfd, 0x44, 0x0, 0x0, 0x0,
    0x0, 0x0, 0xb5, 0xba, 0x0, 0x0, 0x0, 0x0,
    0x0, 0x3e, 0xfe, 0x33, 0x0, 0x0, 0x0, 0x0,
    0x0, 0xc6, 0xa8, 0x0, 0x0, 0x0, 0x0, 0x0,
    0x4b, 0xff, 0x68, 0x44, 0x44, 0x44, 0x44, 0x11,
    0x70, 0xff, 0xff, 0xff, 0xff, 0xff, 0xff, 0x40,

    /* U+005B "[" */
    0xd2, 0xf0, 0xf0, 0xf0, 0xf, 0xe0, 0x4a, 0x20,
    0x20, 0x2, 0xe0, 0x30, 0x0, 0x0, 0x0, 0xe0,
    0x30, 0x0, 0x0, 0x0, 0xe0, 0x30, 0x0, 0x0,
    0x0, 0xe0, 0x30, 0x0, 0x0, 0x0, 0xe0, 0x30,
    0x0, 0x0, 0x0, 0xe0, 0x30, 0x0, 0x0, 0x0,
    0xe0, 0x30, 0x0, 0x0, 0x0, 0xe0, 0x30, 0x0,
    0x0, 0x0, 0xe0, 0x30, 0x0, 0x0, 0x0, 0xe0,
    0x30, 0x0, 0x0, 0x0, 0xe0, 0x30, 0x0, 0x0,
    0x0, 0xe0, 0x30, 0x0, 0x0, 0x0, 0xe0, 0xf3,
    0xf0, 0xf0, 0xf, 0x1c, 0x20, 0x20, 0x20, 0x2,

    /* U+005C "\\" */
    0xc, 0xe7, 0xb, 0x0, 0x0, 0x0, 0x0, 0x0,
    0x0, 0xa1, 0x5f, 0x0, 0x0, 0x0, 0x0, 0x0,
    0x0, 0x41, 0xbf, 0x0, 0x0, 0x0, 0x0, 0x0,
    0x0, 0x1, 0xdd, 0x20, 0x0, 0x0, 0x0, 0x0,
    0x0, 0x0, 0x81, 0x7f, 0x0, 0x0, 0x0, 0x0,
    0x0, 0x0, 0x21, 0xdc, 0x1, 0x0, 0x0, 0x0,
    0x0, 0x0, 0x0, 0xc1, 0x3f, 0x0, 0x0, 0x0,
    0x0, 0x0, 0x0, 0x61, 0x9f, 0x0, 0x0, 0x0,
    0x0, 0x0, 0x0, 0xc, 0xe7, 0xb, 0x0, 0x0,
    0x0, 0x0, 0x0, 0x0, 0xa1, 0x5f, 0x0, 0x0,
    0x0, 0x0, 0x0, 0x0, 0x41, 0xbf, 0x0, 0x0,
    0x0, 0x0, 0x0, 0x0, 0x1, 0xdd, 0x20, 0x0,
    0x0, 0x0, 0x0, 0x0, 0x0, 0x81, 0x7f, 0x0,
    0x0, 0x0, 0x0, 0x0, 0x0, 0x21, 0xdc, 0x1,

    /* U+005D "]" */
    0x3c, 0xf0, 0xf0, 0xf0, 0xa5, 0x8, 0x20, 0x20,
    0x74, 0xb0, 0x0, 0x0, 0x0, 0x60, 0xb0, 0x0,
    0x0, 0x0, 0x60, 0xb0, 0x0, 0x0, 0x0, 0x60,
    0xb0, 0x0, 0x0, 0x0, 0x60, 0xb0, 0x0, 0x0,
    0x0, 0x60, 0xb0, 0x0, 0x0, 0x0, 0x60, 0xb0,
    0x0, 0x0, 0x0, 0x60, 0xb0, 0x0, 0x0, 0x0,
    0x60, 0xb0, 0x0, 0x0, 0x0, 0x60, 0xb0, 0x0,
    0x0, 0x0, 0x60, 0xb0, 0x0, 0x0, 0x0, 0x60,
    0xb0, 0x0, 0x0, 0x0, 0x60, 0xb0, 0x3c, 0xf0,
    0xf0, 0xf6, 0xb0, 0x8, 0x20, 0x20, 0x20, 0x16,

    /* U+005E "^" */
    0x0, 0x0, 0x42, 0xfd, 0xe7, 0x17, 0x0, 0x0,
    0x18, 0xe8, 0x8d, 0xbe, 0xbc, 0x2, 0x2, 0xbd,
    0x83, 0x0, 0x9, 0xb9, 0x7f,

    /* U+005F "_" */
    0xcc, 0xcc, 0xcc, 0xcc, 0xcc, 0xcc, 0xcc, 0xb2,

    /* U+0060 "`" */
    0x90, 0xfc, 0x30, 0x0, 0x2, 0xae, 0xc6, 0x1,
    0x0, 0x9, 0xc7, 0x62,

    /* U+0061 "a" */
    0x0, 0x13, 0xa7, 0xef, 0xea, 0x98, 0x6, 0x0,
    0x0, 0xad, 0xdc, 0x46, 0x4e, 0xe5, 0x70, 0x0,
    0x0, 0x69, 0x36, 0x0, 0x2, 0xb0, 0xa7, 0x0,
    0x0, 0xb, 0x6d, 0xb1, 0xeb, 0xff, 0xb0, 0x0,
    0x8, 0xd4, 0xdf, 0x8a, 0x53, 0x9a, 0xb0, 0x0,
    0x40, 0xff, 0x27, 0x0, 0x0, 0xaa, 0xb0, 0x0,
    0x2d, 0xff, 0x5e, 0x1e, 0x83, 0xfe, 0xb4, 0x0,
    0x0, 0x77, 0xe9, 0xec, 0xa6, 0x94, 0xe6, 0x8,

    /* U+0062 "b" */
    0x40, 0xff, 0x0, 0x0, 0x0, 0x0, 0x0, 0x0,
    0x40, 0xff, 0x0, 0x0, 0x0, 0x0, 0x0, 0x0,
    0x40, 0xff, 0x0, 0x0, 0x0, 0x0, 0x0, 0x0,
    0x40, 0xff, 0x0, 0x0, 0x0, 0x0, 0x0, 0x0,
    0x40, 0xff, 0x5f, 0xe8, 0xf0, 0x8a, 0x2, 0x0,
    0x40, 0xff, 0xdc, 0x4d, 0x6a, 0xf8, 0x6d, 0x0,
    0x40, 0xff, 0x4c, 0x0, 0x0, 0x93, 0xd9, 0x0,
    0x40, 0xff, 0xf, 0x0, 0x0, 0x5e, 0xfb, 0x3,
    0x40, 0xff, 0xd, 0x0, 0x0, 0x5b, 0xfc, 0x4,
    0x40, 0xff, 0x46, 0x0, 0x0, 0x8e, 0xde, 0x0,
    0x40, 0xff, 0xda, 0x4b, 0x66, 0xf5, 0x75, 0x0,
    0x40, 0xff, 0x6a, 0xeb, 0xe8, 0x86, 0x4, 0x0,

    /* U+0063 "c" */
    0x0, 0xf, 0xa0, 0xf2, 0xe8, 0x96, 0xb, 0x0,
    0x0, 0xb2, 0xde, 0x51, 0x51, 0xe3, 0x97, 0x0,
    0x30, 0xff, 0x3c, 0x0, 0x0, 0x58, 0x95, 0x0,
    0x5d, 0xfc, 0x3, 0x0, 0x0, 0x0, 0x0, 0x0,
    0x5d, 0xfb, 0x3, 0x0, 0x0, 0x10, 0x3c, 0x6,
    0x31, 0xff, 0x3b, 0x0, 0x0, 0x60, 0xfa, 0x5,
    0x0, 0xb2, 0xdc, 0x50, 0x51, 0xdf, 0x9d, 0x0,
    0x0, 0xf, 0xa0, 0xf2, 0xe7, 0x91, 0xb, 0x0,

    /* U+0064 "d" */
    0x0, 0x0, 0x0, 0x0, 0x0, 0x60, 0xe0, 0x0,
    0x0, 0x0, 0x0, 0x0, 0x60, 0xe0, 0x0, 0x0,
    0x0, 0x0, 0x0, 0x60, 0xe0, 0x0, 0x0, 0x0,
    0x0, 0x0, 0x60, 0xe0, 0x0, 0x22, 0xbf, 0xf8,
    0xc9, 0x81, 0xe0, 0x1, 0xcd, 0xd0, 0x49, 0x7c,
    0xfa, 0xe0, 0x3a, 0xff, 0x35, 0x0, 0x0, 0xaf,
    0xe0, 0x5f, 0xfc, 0x2, 0x0, 0x0, 0x72, 0xe0,
    0x61, 0xf9, 0x0, 0x0, 0x0, 0x6b, 0xe0, 0x3e,
    0xff, 0x25, 0x0, 0x0, 0x9d, 0xe0, 0x2, 0xd3,
    0xb6, 0x24, 0x54, 0xf8, 0xe0, 0x0, 0x21, 0xba,
    0xf2, 0xcd, 0x95, 0xe0,

    /* U+0065 "e" */
    0x0, 0xd, 0x9b, 0xef, 0xe9, 0x8f, 0x7, 0x0,
    0x0, 0xa8, 0xd6, 0x3e, 0x47, 0xe9, 0x8a, 0x0,
    0x22, 0xff, 0x42, 0x0, 0x0, 0x81, 0xe5, 0x0,
    0x4d, 0xff, 0xf1, 0xf0, 0xf0, 0xf6, 0xff, 0x7,
    0x4e, 0xff, 0x2b, 0x20, 0x20, 0x20, 0x20, 0x1,
    0x23, 0xff, 0x3f, 0x0, 0x0, 0x3d, 0xa9, 0x7,
    0x0, 0xa8, 0xdb, 0x53, 0x49, 0xd5, 0xb2, 0x0,
    0x0, 0xd, 0x9c, 0xef, 0xed, 0x9f, 0x10, 0x0,

    /* U+0066 "f" */
    0x0, 0x0, 0x0, 0x49, 0xd9, 0xfb, 0xd8, 0x15,
    0x0, 0x0, 0x8, 0xf1, 0x89, 0x41, 0x6c, 0x14,
    0x0, 0x0, 0x2b, 0xff, 0x17, 0x0, 0x0, 0x0,
    0x0, 0x0, 0x30, 0xff, 0x10, 0x0, 0x0, 0x0,
    0x50, 0xff, 0xff, 0xff, 0xff, 0xff, 0xa0, 0x0,
    0x5, 0x10, 0x3d, 0xff, 0x1f, 0x10, 0xa, 0x0,
    0x0, 0x0, 0x30, 0xff, 0x10, 0x0, 0x0, 0x0,
    0x0, 0x0, 0x30, 0xff, 0x10, 0x0, 0x0, 0x0,
    0x0, 0x0, 0x30, 0xff, 0x10, 0x0, 0x0, 0x0,
    0x0, 0x0, 0x30, 0xff, 0x10, 0x0, 0x0, 0x0,
    0x0, 0x0, 0x30, 0xff, 0x10, 0x0, 0x0, 0x0,
    0x0, 0x0, 0x30, 0xff, 0x10, 0x0, 0x0, 0x0,

    /* U+0067 "g" */
    0x0, 0x0, 0x0, 0x0, 0x0, 0x0, 0x0, 0x0,
    0x0, 0xd, 0xa6, 0xf2, 0xd2, 0x7c, 0xde, 0x6d,
    0x0, 0x8c, 0xcf, 0x33, 0x87, 0xf2, 0x2d, 0x19,
    0x0, 0xc4, 0x78, 0x0, 0x19, 0xff, 0x29, 0x0,
    0x0, 0x98, 0xb9, 0xa, 0x62, 0xf4, 0x9, 0x0,
    0x0, 0x5f, 0xf3, 0xff, 0xf5, 0x5a, 0x0, 0x0,
    0x4, 0xf3, 0x1f, 0x21, 0x9, 0x0, 0x0, 0x0,
    0x0, 0xec, 0x91, 0x3e, 0x30, 0x17, 0x0, 0x0,
    0x0, 0x8e, 0xf0, 0xf4, 0xff, 0xff, 0xb8, 0x4,
    0x43, 0xe8, 0x19, 0x0, 0x2, 0x4b, 0xff, 0x19,
    0xe, 0x9d, 0xe3, 0xf1, 0xee, 0xcc, 0x61, 0x0,

    /* U+0068 "h" */
    0x20, 0xff, 0x20, 0x0, 0x0, 0x0, 0x0, 0x20,
    0xff, 0x20, 0x0, 0x0, 0x0, 0x0, 0x20, 0xff,
    0x20, 0x0, 0x0, 0x0, 0x0, 0x20, 0xff, 0x20,
    0x0, 0x0, 0x0, 0x0, 0x20, 0xff, 0x36, 0xb2,
    0xf5, 0xd8, 0x39, 0x20, 0xff, 0xdc, 0x74, 0x24,
    0xbd, 0xcf, 0x20, 0xff, 0x9b, 0x0, 0x0, 0x4e,
    0xfb, 0x20, 0xff, 0x40, 0x0, 0x0, 0x40, 0xff,
    0x20, 0xff, 0x22, 0x0, 0x0, 0x40, 0xff, 0x20,
    0xff, 0x20, 0x0, 0x0, 0x40, 0xff, 0x20, 0xff,
    0x20, 0x0, 0x0, 0x40, 0xff, 0x20, 0xff, 0x20,
    0x0, 0x0, 0x40, 0xff,

    /* U+0069 "i" */
    0xc0, 0x80, 0x90, 0x60, 0x0, 0x0, 0x0, 0x0,
    0xc0, 0x80, 0xc0, 0x80, 0xc0, 0x80, 0xc0, 0x80,
    0xc0, 0x80, 0xc0, 0x80, 0xc0, 0x80, 0xc0, 0x80,

    /* U+006A "j" */
    0x0, 0x0, 0x0, 0x80, 0xc0, 0x0, 0x0, 0x0,
    0x60, 0x90, 0x0, 0x0, 0x0, 0x0, 0x0, 0x0,
    0x0, 0x0, 0x0, 0x0, 0x0, 0x0, 0x0, 0x80,
    0xc0, 0x0, 0x0, 0x0, 0x80, 0xc0, 0x0, 0x0,
    0x0, 0x80, 0xc0, 0x0, 0x0, 0x0, 0x80, 0xc0,
    0x0, 0x0, 0x0, 0x80, 0xc0, 0x0, 0x0, 0x0,
    0x80, 0xc0, 0x0, 0x0, 0x0, 0x80, 0xc0, 0x0,
    0x0, 0x0, 0x88, 0xb9, 0x50, 0x50, 0x43, 0xd8,
    0x86, 0x6c, 0xf2, 0xf4, 0xab, 0xe,

    /* U+006B "k" */
    0x10, 0xff, 0x30, 0x0, 0x0, 0x0, 0x0, 0x0,
    0x10, 0xff, 0x30, 0x0, 0x0, 0x0, 0x0, 0x0,
    0x10, 0xff, 0x30, 0x0, 0x0, 0x0, 0x0, 0x0,
    0x10, 0xff, 0x30, 0x0, 0x0, 0x0, 0x0, 0x0,
    0x10, 0xff, 0x30, 0x0, 0x2e, 0xf1, 0x6c, 0x0,
    0x10, 0xff, 0x30, 0x1b, 0xe3, 0x87, 0x0, 0x0,
    0x10, 0xff, 0x3d, 0xd1, 0xaf, 0x0, 0x0, 0x0,
    0x10, 0xff, 0xda, 0xe8, 0xd8, 0x4, 0x0, 0x0,
    0x10, 0xff, 0xcb, 0x15, 0xe5, 0x67, 0x0, 0x0,
    0x10, 0xff, 0x35, 0x0, 0x6b, 0xe7, 0xb, 0x0,
    0x10, 0xff, 0x30, 0x0, 0x6, 0xe0, 0x7e, 0x0,
    0x10, 0xff, 0x30, 0x0, 0x0, 0x62, 0xf3, 0x16,

    /* U+006C "l" */
    0xb0, 0x90, 0xb0, 0x90, 0xb0, 0x90, 0xb0, 0x90,
    0xb0, 0x90, 0xb0, 0x90, 0xb0, 0x90, 0xb0, 0x90,
    0xb0, 0x90, 0xb0, 0x90, 0xb0, 0x90, 0xb0, 0x90,

    /* U+006D "m" */
    0xc0, 0x9f, 0xd0, 0xed, 0x52, 0xd4, 0xea, 0x3a,
    0xc0, 0xee, 0x41, 0xd8, 0xf4, 0x47, 0xcb, 0x96,
    0xc0, 0x95, 0x0, 0xb0, 0xa5, 0x0, 0xa0, 0xa0,
    0xc0, 0x80, 0x0, 0xb0, 0x90, 0x0, 0xa0, 0xa0,
    0xc0, 0x80, 0x0, 0xb0, 0x90, 0x0, 0xa0, 0xa0,
    0xc0, 0x80, 0x0, 0xb0, 0x90, 0x0, 0xa0, 0xa0,
    0xc0, 0x80, 0x0, 0xb0, 0x90, 0x0, 0xa0, 0xa0,
    0xc0, 0x80, 0x0, 0xb0, 0x90, 0x0, 0xa0, 0xa0,

    /* U+006E "n" */
    0x20, 0xff, 0x3f, 0xba, 0xf2, 0xd8, 0x39, 0x20,
    0xff, 0xe4, 0x54, 0x4, 0xa7, 0xcf, 0x20, 0xff,
    0x8e, 0x0, 0x0, 0x4a, 0xfb, 0x20, 0xff, 0x3c,
    0x0, 0x0, 0x40, 0xff, 0x20, 0xff, 0x21, 0x0,
    0x0, 0x40, 0xff, 0x20, 0xff, 0x20, 0x0, 0x0,
    0x40, 0xff, 0x20, 0xff, 0x20, 0x0, 0x0, 0x40,
    0xff, 0x20, 0xff, 0x20, 0x0, 0x0, 0x40, 0xff,

    /* U+006F "o" */
    0x0, 0xc, 0x9c, 0xf1, 0xeb, 0x89, 0x4, 0x0,
    0x0, 0xaa, 0xe1, 0x53, 0x5f, 0xed, 0x89, 0x0,
    0x2c, 0xff, 0x40, 0x0, 0x0, 0x61, 0xf9, 0x11,
    0x5c, 0xfc, 0x4, 0x0, 0x0, 0x21, 0xff, 0x3b,
    0x5c, 0xfb, 0x3, 0x0, 0x0, 0x20, 0xff, 0x3c,
    0x2d, 0xff, 0x3e, 0x0, 0x0, 0x5f, 0xfa, 0x12,
    0x0, 0xaa, 0xdf, 0x52, 0x5e, 0xec, 0x89, 0x0,
    0x0, 0xc, 0x9c, 0xf2, 0xed, 0x8a, 0x4, 0x0,

    /* U+0070 "p" */
    0x40, 0xff, 0x7a, 0xe3, 0xe7, 0x84, 0x3, 0x0,
    0x40, 0xff, 0xcc, 0x29, 0x45, 0xee, 0x73, 0x0,
    0x40, 0xff, 0x3d, 0x0, 0x0, 0x86, 0xdd, 0x0,
    0x40, 0xff, 0xb, 0x0, 0x0, 0x5a, 0xfc, 0x4,
    0x40, 0xff, 0x10, 0x0, 0x0, 0x5f, 0xfb, 0x3,
    0x40, 0xff, 0x4e, 0x0, 0x0, 0x96, 0xda, 0x0,
    0x40, 0xff, 0xdd, 0x4d, 0x6a, 0xf8, 0x6f, 0x0,
    0x40, 0xff, 0x5f, 0xe9, 0xf0, 0x8d, 0x3, 0x0,
    0x40, 0xff, 0x0, 0x0, 0x0, 0x0, 0x0, 0x0,
    0x40, 0xff, 0x0, 0x0, 0x0, 0x0, 0x0, 0x0,

    /* U+0071 "q" */
    0x0, 0x1f, 0xb9, 0xf4, 0xce, 0x88, 0xe0, 0x2,
    0xd2, 0xcb, 0x48, 0x77, 0xfb, 0xe0, 0x3d, 0xff,
    0x2e, 0x0, 0x0, 0xa7, 0xe0, 0x60, 0xfa, 0x1,
    0x0, 0x0, 0x6e, 0xe0, 0x5f, 0xfb, 0x2, 0x0,
    0x0, 0x6f, 0xe0, 0x3a, 0xff, 0x32, 0x0, 0x0,
    0xab, 0xe0, 0x1, 0xce, 0xcd, 0x48, 0x78, 0xf9,
    0xe0, 0x0, 0x24, 0xc1, 0xf9, 0xc9, 0x81, 0xe0,
    0x0, 0x0, 0x0, 0x0, 0x0, 0x60, 0xe0, 0x0,
    0x0, 0x0, 0x0, 0x0, 0x60, 0xe0,

    /* U+0072 "r" */
    0x60, 0xe0, 0x9, 0x8f, 0xe6, 0x3f, 0x60, 0xe0,
    0xb7, 0xbb, 0x6d, 0x1b, 0x60, 0xff, 0xa8, 0x1,
    0x0, 0x0, 0x60, 0xf9, 0x1b, 0x0, 0x0, 0x0,
    0x60, 0xe0, 0x0, 0x0, 0x0, 0x0, 0x60, 0xe0,
    0x0, 0x0, 0x0, 0x0, 0x60, 0xe0, 0x0, 0x0,
    0x0, 0x0, 0x60, 0xe0, 0x0, 0x0, 0x0, 0x0,

    /* U+0073 "s" */
    0x13, 0xa7, 0xed, 0xee, 0xa1, 0xa, 0xa0, 0xce,
    0x37, 0x43, 0xd6, 0x81, 0xc1, 0x9a, 0x0, 0x0,
    0x27, 0x2c, 0x60, 0xfd, 0xc7, 0x8f, 0x40, 0x0,
    0x0, 0x2d, 0x77, 0xb8, 0xfe, 0x76, 0x81, 0x28,
    0x0, 0x0, 0x8c, 0xd2, 0xbf, 0xb4, 0x35, 0x35,
    0xc7, 0xb0, 0x1e, 0xae, 0xed, 0xf3, 0xb4, 0x1d,

    /* U+0074 "t" */
    0x0, 0x0, 0x38, 0x68, 0x0, 0x0, 0x0, 0x0,
    0x0, 0x70, 0xd0, 0x0, 0x0, 0x0, 0x0, 0x0,
    0x70, 0xd0, 0x0, 0x0, 0x0, 0x90, 0xff, 0xff,
    0xff, 0xff, 0xff, 0x60, 0x9, 0x10, 0x79, 0xd3,
    0x10, 0x10, 0x6, 0x0, 0x0, 0x70, 0xd0, 0x0,
    0x0, 0x0, 0x0, 0x0, 0x70, 0xd0, 0x0, 0x0,
    0x0, 0x0, 0x0, 0x70, 0xd0, 0x0, 0x0, 0x0,
    0x0, 0x0, 0x67, 0xda, 0x0, 0x0, 0x0, 0x0,
    0x0, 0x31, 0xfe, 0x59, 0x43, 0x6f, 0x0, 0x0,
    0x0, 0x6f, 0xe7, 0xfa, 0xb5,

    /* U+0075 "u" */
    0x20, 0xff, 0x20, 0x0, 0x0, 0x40, 0xff, 0x20,
    0xff, 0x20, 0x0, 0x0, 0x40, 0xff, 0x20, 0xff,
    0x20, 0x0, 0x0, 0x40, 0xff, 0x20, 0xff, 0x20,
    0x0, 0x0, 0x41, 0xff, 0x20, 0xff, 0x20, 0x0,
    0x0, 0x5d, 0xff, 0x1c, 0xff, 0x2a, 0x0, 0x0,
    0xae, 0xff, 0x3, 0xed, 0x89, 0x4, 0x69, 0xe9,
    0xff, 0x0, 0x4f, 0xe2, 0xf0, 0xab, 0x52, 0xff,

    /* U+0076 "v" */
    0x47, 0xf9, 0xe, 0x0, 0x0, 0x49, 0xf8, 0xd,
    0x4, 0xed, 0x58, 0x0, 0x0, 0x99, 0xb1, 0x0,
    0x0, 0x9f, 0xa8, 0x0, 0x1, 0xe6, 0x5d, 0x0,
    0x0, 0x4b, 0xf1, 0x6, 0x39, 0xf9, 0xf, 0x0,
    0x0, 0x6, 0xf0, 0x48, 0x89, 0xb5, 0x0, 0x0,
    0x0, 0x0, 0xa3, 0x98, 0xd8, 0x61, 0x0, 0x0,
    0x0, 0x0, 0x4f, 0xf7, 0xfb, 0x12, 0x0, 0x0,
    0x0, 0x0, 0x7, 0xf2, 0xb9, 0x0, 0x0, 0x0,

    /* U+0077 "w" */
    0xd8, 0x72, 0x0, 0xe5, 0xa4, 0x0, 0xb4, 0x96,
    0xa6, 0x99, 0xf, 0xf8, 0xce, 0x0, 0xda, 0x64,
    0x74, 0xc0, 0x39, 0xb3, 0xe8, 0x7, 0xfb, 0x32,
    0x42, 0xe7, 0x62, 0x89, 0xca, 0x49, 0xfa, 0x6,
    0x10, 0xfe, 0x9a, 0x60, 0xa1, 0x99, 0xce, 0x0,
    0x0, 0xde, 0xee, 0x37, 0x78, 0xee, 0x9c, 0x0,
    0x0, 0xac, 0xff, 0xe, 0x4e, 0xff, 0x6a, 0x0,
    0x0, 0x79, 0xe4, 0x0, 0x25, 0xff, 0x38, 0x0,

    /* U+0078 "x" */
    0xd, 0xe5, 0x84, 0x0, 0x0, 0xc5, 0xb1, 0x0,
    0x0, 0x57, 0xf5, 0x1a, 0x50, 0xf6, 0x20, 0x0,
    0x0, 0x0, 0xbc, 0x9e, 0xd7, 0x7b, 0x0, 0x0,
    0x0, 0x0, 0x27, 0xfa, 0xdb, 0x7, 0x0, 0x0,
    0x0, 0x0, 0x3e, 0xfd, 0xea, 0x12, 0x0, 0x0,
    0x0, 0x6, 0xd7, 0x89, 0xc7, 0x9d, 0x0, 0x0,
    0x0, 0x7f, 0xe5, 0xc, 0x34, 0xfc, 0x3f, 0x0,
    0x26, 0xf8, 0x5b, 0x0, 0x0, 0x9b, 0xd8, 0x7,

    /* U+0079 "y" */
    0x53, 0xf9, 0x10, 0x0, 0x0, 0x4a, 0xfc, 0x16,
    0x7, 0xf0, 0x61, 0x0, 0x0, 0x9e, 0xb7, 0x0,
    0x0, 0x9e, 0xb8, 0x0, 0x4, 0xed, 0x5c, 0x0,
    0x0, 0x44, 0xfb, 0x13, 0x46, 0xf5, 0xc, 0x0,
    0x0, 0x2, 0xe6, 0x65, 0x9a, 0xa7, 0x0, 0x0,
    0x0, 0x0, 0x8f, 0xc0, 0xea, 0x4c, 0x0, 0x0,
    0x0, 0x0, 0x34, 0xff, 0xec, 0x5, 0x0, 0x0,
    0x0, 0x0, 0x0, 0xdd, 0x96, 0x0, 0x0, 0x0,
    0x0, 0x4d, 0x5a, 0xf7, 0x39, 0x0, 0x0, 0x0,
    0x0, 0xae, 0xf6, 0x8e, 0x0, 0x0, 0x0, 0x0,

    /* U+007A "z" */
    0x0, 0xe0, 0xff, 0xff, 0xff, 0xff, 0xa0, 0x0,
    0xe, 0x10, 0x10, 0x46, 0xfc, 0x4f, 0x0, 0x0,
    0x0, 0xd, 0xdc, 0x95, 0x0, 0x0, 0x0, 0x0,
    0xa3, 0xd3, 0x8, 0x0, 0x0, 0x0, 0x5c, 0xf7,
    0x2b, 0x0, 0x0, 0x0, 0x23, 0xf2, 0x69, 0x0,
    0x0, 0x0, 0x4, 0xca, 0xba, 0x10, 0x10, 0x10,
    0xf, 0x20, 0xff, 0xff, 0xff, 0xff, 0xff, 0xf0,

    /* U+007B "{" */
    0x0, 0x2e, 0xd2, 0xbb, 0x0, 0x93, 0xb6, 0x0,
    0x0, 0xa0, 0xa0, 0x0, 0x0, 0xa0, 0xa0, 0x0,
    0x0, 0xa0, 0xa0, 0x0, 0x0, 0xa0, 0x9e, 0x0,
    0x4, 0xbe, 0x87, 0x0, 0x6f, 0xff, 0x39, 0x0,
    0x6, 0xc0, 0x85, 0x0, 0x0, 0xa0, 0x9e, 0x0,
    0x0, 0xa0, 0xa0, 0x0, 0x0, 0xa0, 0xa0, 0x0,
    0x0, 0xa0, 0xa0, 0x0, 0x0, 0x93, 0xb7, 0x0,
    0x0, 0x31, 0xd1, 0xb8,

    /* U+007C "|" */
    0xb0, 0x90, 0xb0, 0x90, 0xb0, 0x90, 0xb0, 0x90,
    0xb0, 0x90, 0xb0, 0x90, 0xb0, 0x90, 0xb0, 0x90,
    0xb0, 0x90, 0xb0, 0x90, 0xb0, 0x90, 0xb0, 0x90,
    0xb0, 0x90, 0xb0, 0x90, 0xb0, 0x90, 0xb0, 0x90,
    0xb0, 0x90,

    /* U+007D "}" */
    0xd, 0xda, 0xc1, 0x13, 0x0, 0x0, 0x4, 0xe3,
    0x63, 0x0, 0x0, 0x0, 0xd0, 0x70, 0x0, 0x0,
    0x0, 0xd0, 0x70, 0x0, 0x0, 0x0, 0xd0, 0x70,
    0x0, 0x0, 0x0, 0xce, 0x70, 0x0, 0x0, 0x0,
    0xb3, 0x95, 0x1, 0x0, 0x0, 0x66, 0xff, 0x3f,
    0x0, 0x0, 0xb0, 0x98, 0x1, 0x0, 0x0, 0xce,
    0x70, 0x0, 0x0, 0x0, 0xd0, 0x70, 0x0, 0x0,
    0x0, 0xd0, 0x70, 0x0, 0x0, 0x0, 0xd0, 0x70,
    0x0, 0x0, 0x4, 0xe3, 0x63, 0x0, 0xc, 0xd6,
    0xc2, 0x15, 0x0,

    /* U+007E "~" */
    0x0, 0x0, 0x8, 0x0, 0x0, 0x0, 0x0, 0x0,
    0x0, 0x3e, 0xfa, 0xb0, 0x9, 0x0, 0x72, 0x11,
    0x0, 0xc0, 0x69, 0xb8, 0xc0, 0x49, 0xe2, 0xd,
    0x7, 0x9a, 0x0, 0x6, 0xbf, 0xff, 0x75, 0x0,
    0x0, 0x2, 0x0, 0x0, 0x9, 0x3d, 0x0, 0x0,

    /* U+4E0B "下" */
    0x1, 0x0, 0x0, 0x0, 0x0, 0x0, 0x0, 0x0,
    0x0, 0x0, 0x0, 0x0, 0x0, 0x1, 0xff, 0xf9,
    0xf4, 0xf4, 0xf4, 0xf4, 0xf4, 0xf4, 0xf4, 0xf4,
    0xf4, 0xf4, 0xfa, 0xef, 0x49, 0x42, 0x3c, 0x3c,
    0x3c, 0x54, 0xff, 0x60, 0x3c, 0x3c, 0x3c, 0x3c,
    0x40, 0x43, 0x0, 0x0, 0x0, 0x0, 0x0, 0x20,
    0xff, 0x30, 0x0, 0x0, 0x0, 0x0, 0x0, 0x0,
    0x0, 0x0, 0x0, 0x0, 0x0, 0x20, 0xff, 0x30,
    0x0, 0x0, 0x0, 0x0, 0x0, 0x0, 0x0, 0x0,
    0x0, 0x0, 0x0, 0x20, 0xff, 0x30, 0x1f, 0x37,
    0x0, 0x0, 0x0, 0x0, 0x0, 0x0, 0x0, 0x0,
    0x0, 0x20, 0xff, 0x30, 0x9a, 0xf6, 0x4c, 0x0,
    0x0, 0x0, 0x0, 0x0, 0x0, 0x0, 0x0, 0x20,
    0xff, 0x30, 0x6, 0xac, 0xfb, 0x55, 0x0, 0x0,
    0x0, 0x0, 0x0, 0x0, 0x0, 0x20, 0xff, 0x30,
    0x0, 0x4, 0xa8, 0xfb, 0x53, 0x0, 0x0, 0x0,
    0x0, 0x0, 0x0, 0x20, 0xff, 0x30, 0x0, 0x0,
    0x4, 0xb4, 0xcf, 0x3, 0x0, 0x0, 0x0, 0x0,
    0x0, 0x20, 0xff, 0x30, 0x0, 0x0, 0x0, 0xc,
    0x10, 0x0, 0x0, 0x0, 0x0, 0x0, 0x0, 0x20,
    0xff, 0x30, 0x0, 0x0, 0x0, 0x0, 0x0, 0x0,
    0x0, 0x0, 0x0, 0x0, 0x0, 0x25, 0xff, 0x32,
    0x0, 0x0, 0x0, 0x0, 0x0, 0x0, 0x0, 0x0,
    0x0, 0x0, 0x0, 0x2c, 0xff, 0x3a, 0x0, 0x0,
    0x0, 0x0, 0x0, 0x0,

    /* U+4E3B "主" */
    0x0, 0x0, 0x0, 0x0, 0x0, 0x0, 0xc, 0x0,
    0x0, 0x0, 0x0, 0x0, 0x0, 0x0, 0x0, 0x0,
    0x0, 0x0, 0x0, 0x0, 0x7, 0xda, 0x6e, 0x0,
    0x0, 0x0, 0x0, 0x0, 0x0, 0x0, 0x0, 0x0,
    0x0, 0x0, 0x0, 0x0, 0x66, 0xfc, 0x42, 0x0,
    0x0, 0x0, 0x0, 0x0, 0x0, 0x0, 0x0, 0x0,
    0x0, 0x0, 0x0, 0x0, 0x9d, 0x7e, 0x0, 0x0,
    0x0, 0x0, 0x0, 0x0, 0x0, 0x8c, 0xe1, 0xdb,
    0xd8, 0xd8, 0xd8, 0xd8, 0xd8, 0xd8, 0xd8, 0xd8,
    0xda, 0xe1, 0x2e, 0x0, 0x2a, 0x41, 0x3a, 0x38,
    0x38, 0x38, 0xf0, 0x86, 0x38, 0x38, 0x38, 0x3b,
    0x42, 0xe, 0x0, 0x0, 0x0, 0x0, 0x0, 0x0,
    0x0, 0xec, 0x64, 0x0, 0x0, 0x0, 0x0, 0x0,
    0x0, 0x0, 0x0, 0x0, 0x0, 0x0, 0x0, 0x0,
    0xec, 0x64, 0x0, 0x0, 0x0, 0x0, 0x0, 0x0,
    0x0, 0x0, 0x32, 0x3d, 0x38, 0x38, 0x38, 0xf0,
    0x86, 0x38, 0x38, 0x3a, 0x40, 0x12, 0x0, 0x0,
    0x0, 0xa8, 0xdd, 0xd8, 0xd8, 0xd8, 0xfc, 0xe7,
    0xd8, 0xd8, 0xda, 0xe1, 0x3d, 0x0, 0x0, 0x0,
    0x0, 0x0, 0x0, 0x0, 0x0, 0xec, 0x64, 0x0,
    0x0, 0x0, 0x0, 0x0, 0x0, 0x0, 0x0, 0x0,
    0x0, 0x0, 0x0, 0x0, 0xec, 0x64, 0x0, 0x0,
    0x0, 0x0, 0x0, 0x0, 0x0, 0x0, 0x0, 0x0,
    0x0, 0x0, 0x0, 0xec, 0x64, 0x0, 0x0, 0x0,
    0x0, 0x0, 0x0, 0x15, 0x3e, 0x31, 0x2c, 0x2c,
    0x2c, 0x2c, 0xef, 0x7e, 0x2c, 0x2c, 0x2c, 0x2c,
    0x30, 0x34, 0x43, 0xe4, 0xe4, 0xe4, 0xe4, 0xe4,
    0xe4, 0xe4, 0xe4, 0xe4, 0xe4, 0xe4, 0xe5, 0xe8,
    0xe4,

    /* U+4FE1 "信" */
    0x0, 0x0, 0x0, 0x2, 0x0, 0x0, 0x0, 0x0,
    0x0, 0x7, 0x0, 0x0, 0x0, 0x0, 0x0, 0x0,
    0x0, 0x0, 0x0, 0x5b, 0xcf, 0x9, 0x0, 0x0,
    0x7, 0xe1, 0x3e, 0x0, 0x0, 0x0, 0x0, 0x0,
    0x0, 0x0, 0x0, 0xa4, 0xa7, 0x0, 0x0, 0x0,
    0x0, 0x87, 0x6c, 0x0, 0x0, 0x0, 0x0, 0x0,
    0x0, 0x0, 0xb, 0xf0, 0x46, 0xd1, 0xf4, 0xf4,
    0xf4, 0xf4, 0xf4, 0xf4, 0xf4, 0xf4, 0xf4, 0x13,
    0x0, 0x0, 0x68, 0xff, 0x20, 0x14, 0x13, 0xf,
    0xd, 0xd, 0xc, 0xd, 0xf, 0x11, 0x17, 0x2,
    0x0, 0x3, 0xd8, 0xff, 0x20, 0x0, 0x4c, 0x4c,
    0x49, 0x48, 0x48, 0x49, 0x4b, 0x51, 0xc, 0x0,
    0x0, 0x66, 0xec, 0xff, 0x20, 0x0, 0xa5, 0xae,
    0xaa, 0xa9, 0xa8, 0xa9, 0xac, 0xb2, 0x19, 0x0,
    0x1a, 0xed, 0x71, 0xff, 0x20, 0x0, 0x20, 0x1d,
    0x19, 0x18, 0x18, 0x18, 0x1a, 0x20, 0x5, 0x0,
    0x10, 0xa2, 0x5, 0xff, 0x20, 0x0, 0xd2, 0xde,
    0xda, 0xd9, 0xd8, 0xd9, 0xdb, 0xe1, 0x20, 0x0,
    0x0, 0x0, 0x0, 0xff, 0x20, 0x0, 0x0, 0x0,
    0x0, 0x0, 0x0, 0x0, 0x0, 0x0, 0x0, 0x0,
    0x0, 0x0, 0x0, 0xff, 0x20, 0x0, 0xba, 0xe7,
    0xe0, 0xe0, 0xe0, 0xe0, 0xe2, 0xed, 0x0, 0x0,
    0x0, 0x0, 0x0, 0xff, 0x20, 0x0, 0xbf, 0x74,
    0x0, 0x0, 0x0, 0x0, 0x2c, 0xf6, 0x0, 0x0,
    0x0, 0x0, 0x0, 0xff, 0x20, 0x0, 0xbd, 0x74,
    0x0, 0x0, 0x0, 0x0, 0x2c, 0xf4, 0x0, 0x0,
    0x0, 0x0, 0x4, 0xff, 0x21, 0x0, 0xbf, 0xf9,
    0xf4, 0xf4, 0xf4, 0xf4, 0xf6, 0xf6, 0x0, 0x0,
    0x0, 0x0, 0xc, 0xff, 0x23, 0x0, 0xc6, 0x7a,
    0xc, 0xc, 0xc, 0xc, 0x35, 0xfd, 0x0, 0x0,
    0x0, 0x0, 0x23, 0xff, 0x2b, 0x0, 0x0, 0x0,
    0x0, 0x0, 0x0, 0x0, 0x0, 0x0, 0x0, 0x0,

    /* U+50CF "像" */
    0x0, 0x0, 0x0, 0x14, 0x5, 0x0, 0x0, 0xa,
    0x2d, 0x0, 0x0, 0x0, 0x0, 0x0, 0x0, 0x0,
    0x0, 0x0, 0x0, 0x89, 0xdb, 0x6, 0x0, 0x75,
    0xf5, 0x2b, 0x0, 0x0, 0x0, 0x0, 0x0, 0x0,
    0x0, 0x0, 0x0, 0xcc, 0x8d, 0x0, 0x2b, 0xf6,
    0xde, 0xa8, 0xa8, 0xa8, 0x29, 0x0, 0x0, 0x0,
    0x0, 0x0, 0x21, 0xfe, 0x2c, 0x1c, 0xe0, 0xa3,
    0x38, 0x38, 0x89, 0xd7, 0x2, 0x0, 0x0, 0x0,
    0x0, 0x0, 0x81, 0xee, 0x22, 0xdf, 0xff, 0xbd,
    0xb8, 0xb8, 0xe4, 0xdf, 0xb8, 0xb8, 0x2d, 0x0,
    0x0, 0xd, 0xeb, 0xec, 0xa, 0x83, 0xee, 0x53,
    0x28, 0xb0, 0x8b, 0x28, 0x28, 0xef, 0x36, 0x0,
    0x0, 0x85, 0xea, 0xec, 0x0, 0x0, 0xef, 0x3a,
    0x8, 0xd8, 0x46, 0x8, 0x8, 0xec, 0x37, 0x0,
    0x1e, 0xfb, 0x63, 0xec, 0x0, 0x0, 0xcf, 0xd8,
    0xf4, 0xf7, 0xd8, 0xd8, 0xd8, 0xd8, 0x36, 0x0,
    0x0, 0x35, 0x24, 0xec, 0x0, 0x0, 0x24, 0xa1,
    0xf8, 0x98, 0x0, 0x4, 0x86, 0x3e, 0x0, 0x0,
    0x0, 0x0, 0x24, 0xec, 0x5, 0xb7, 0xef, 0x75,
    0x75, 0xfe, 0x8f, 0xd3, 0xc9, 0x32, 0x0, 0x0,
    0x0, 0x0, 0x24, 0xec, 0x0, 0x31, 0x22, 0x9e,
    0xb2, 0x5b, 0xff, 0x8d, 0xa8, 0x0, 0x0, 0x0,
    0x0, 0x0, 0x24, 0xec, 0x6, 0x91, 0xe2, 0x6f,
    0x44, 0xe1, 0xea, 0x42, 0xd3, 0x54, 0x0, 0x0,
    0x0, 0x0, 0x25, 0xec, 0x0, 0x49, 0x2f, 0x9c,
    0xd9, 0x30, 0xb4, 0x5a, 0x35, 0xec, 0x77, 0x0,
    0x0, 0x0, 0x2b, 0xef, 0x0, 0x83, 0xef, 0x89,
    0xc, 0xa, 0xe3, 0x46, 0x0, 0x37, 0x40, 0x0,
    0x0, 0x0, 0x3a, 0xf7, 0x0, 0x1c, 0x1b, 0x0,
    0x66, 0xf0, 0xbc, 0x5, 0x0, 0x0, 0x0, 0x0,
    0x0, 0x0, 0x0, 0x0, 0x0, 0x0, 0x0, 0x0,
    0x13, 0x37, 0x0, 0x0, 0x0, 0x0, 0x0, 0x0,

    /* U+5165 "入" */
    0x0, 0x0, 0x0, 0x0, 0x9, 0x8f, 0x12, 0x0,
    0x0, 0x0, 0x0, 0x0, 0x0, 0x0, 0x0, 0x0,
    0x0, 0x0, 0x0, 0x0, 0x3f, 0xe5, 0xdc, 0x1f,
    0x0, 0x0, 0x0, 0x0, 0x0, 0x0, 0x0, 0x0,
    0x0, 0x0, 0x0, 0x0, 0x0, 0x18, 0xd1, 0xdf,
    0x14, 0x0, 0x0, 0x0, 0x0, 0x0, 0x0, 0x0,
    0x0, 0x0, 0x0, 0x0, 0x0, 0x0, 0x1a, 0xe9,
    0xa5, 0x0, 0x0, 0x0, 0x0, 0x0, 0x0, 0x0,
    0x0, 0x0, 0x0, 0x0, 0x0, 0x0, 0x0, 0xb8,
    0xfe, 0x2e, 0x0, 0x0, 0x0, 0x0, 0x0, 0x0,
    0x0, 0x0, 0x0, 0x0, 0x0, 0x0, 0x28, 0xfc,
    0xd8, 0xa5, 0x0, 0x0, 0x0, 0x0, 0x0, 0x0,
    0x0, 0x0, 0x0, 0x0, 0x0, 0x0, 0xa7, 0xb4,
    0x5c, 0xfa, 0x18, 0x0, 0x0, 0x0, 0x0, 0x0,
    0x0, 0x0, 0x0, 0x0, 0x0, 0x34, 0xfe, 0x47,
    0x7, 0xe9, 0x88, 0x0, 0x0, 0x0, 0x0, 0x0,
    0x0, 0x0, 0x0, 0x0, 0x4, 0xcb, 0xbb, 0x0,
    0x0, 0x7b, 0xf4, 0x19, 0x0, 0x0, 0x0, 0x0,
    0x0, 0x0, 0x0, 0x0, 0x86, 0xf7, 0x23, 0x0,
    0x0, 0xe, 0xea, 0xbe, 0x3, 0x0, 0x0, 0x0,
    0x0, 0x0, 0x0, 0x5c, 0xfe, 0x67, 0x0, 0x0,
    0x0, 0x0, 0x61, 0xff, 0xa3, 0x5, 0x0, 0x0,
    0x0, 0x0, 0x67, 0xfc, 0x8b, 0x0, 0x0, 0x0,
    0x0, 0x0, 0x0, 0x9b, 0xff, 0xc0, 0x23, 0x0,
    0x19, 0xaa, 0xff, 0x99, 0x1, 0x0, 0x0, 0x0,
    0x0, 0x0, 0x0, 0x2, 0x9f, 0xff, 0xe9, 0x13,
    0xb, 0xc4, 0x7b, 0x0, 0x0, 0x0, 0x0, 0x0,
    0x0, 0x0, 0x0, 0x0, 0x0, 0x74, 0x58, 0x0,
    0x0, 0x7, 0x0, 0x0, 0x0, 0x0, 0x0, 0x0,
    0x0, 0x0, 0x0, 0x0, 0x0, 0x0, 0x0, 0x0,

    /* U+51FA "出" */
    0x0, 0x0, 0x0, 0x0, 0x0, 0x0, 0xf4, 0x53,
    0x0, 0x0, 0x0, 0x0, 0x0, 0x0, 0x18, 0x1a,
    0x0, 0x0, 0x0, 0xeb, 0x4b, 0x0, 0x0, 0x0,
    0x17, 0x7, 0x0, 0x9a, 0xa0, 0x0, 0x0, 0x0,
    0xe8, 0x48, 0x0, 0x0, 0x0, 0xf3, 0x4a, 0x0,
    0x91, 0x98, 0x0, 0x0, 0x0, 0xe8, 0x48, 0x0,
    0x0, 0x0, 0xec, 0x44, 0x0, 0x90, 0x98, 0x0,
    0x0, 0x0, 0xe8, 0x48, 0x0, 0x0, 0x0, 0xec,
    0x44, 0x0, 0x91, 0xa8, 0x28, 0x28, 0x28, 0xeb,
    0x64, 0x28, 0x28, 0x28, 0xef, 0x45, 0x0, 0x8a,
    0xe8, 0xe8, 0xe8, 0xe8, 0xfd, 0xee, 0xe8, 0xe8,
    0xe8, 0xe8, 0x45, 0x7, 0x17, 0x0, 0x0, 0x0,
    0x0, 0xe8, 0x48, 0x0, 0x0, 0x0, 0x3, 0x7,
    0x47, 0xf6, 0x0, 0x0, 0x0, 0x0, 0xe8, 0x48,
    0x0, 0x0, 0x0, 0x67, 0xde, 0x40, 0xf0, 0x0,
    0x0, 0x0, 0x0, 0xe8, 0x48, 0x0, 0x0, 0x0,
    0x5d, 0xd6, 0x40, 0xf0, 0x0, 0x0, 0x0, 0x0,
    0xe8, 0x48, 0x0, 0x0, 0x0, 0x5c, 0xd4, 0x40,
    0xf0, 0x0, 0x0, 0x0, 0x0, 0xe8, 0x48, 0x0,
    0x0, 0x0, 0x5c, 0xd4, 0x45, 0xfc, 0xc8, 0xc8,
    0xc8, 0xc8, 0xfa, 0xd7, 0xc8, 0xc8, 0xc8, 0xdc,
    0xd4, 0x15, 0x48, 0x48, 0x48, 0x48, 0x48, 0x48,
    0x48, 0x48, 0x48, 0x48, 0x8a, 0xd6, 0x0, 0x0,
    0x0, 0x0, 0x0, 0x0, 0x0, 0x0, 0x0, 0x0,
    0x0, 0x5c, 0xde,

    /* U+5355 "单" */
    0x0, 0x0, 0x0, 0x0, 0x0, 0x0, 0x0, 0x0,
    0x0, 0x0, 0x0, 0x0, 0x0, 0x0, 0x0, 0x0,
    0x0, 0x0, 0x0, 0x63, 0x7f, 0x0, 0x0, 0x0,
    0x29, 0xd8, 0x40, 0x0, 0x0, 0x0, 0x0, 0x0,
    0x0, 0x0, 0x2c, 0xf7, 0x25, 0x0, 0x0, 0x97,
    0xec, 0x16, 0x0, 0x0, 0x0, 0x0, 0x0, 0x5,
    0x1c, 0x1c, 0x94, 0x46, 0x1c, 0x26, 0xf4, 0x7a,
    0x1c, 0x1c, 0x5, 0x0, 0x0, 0x0, 0x2b, 0xff,
    0xf4, 0xf4, 0xf4, 0xfe, 0xf7, 0xf4, 0xf4, 0xf4,
    0xff, 0x30, 0x0, 0x0, 0x0, 0x24, 0xff, 0x10,
    0x0, 0x0, 0xe8, 0x48, 0x0, 0x0, 0x10, 0xff,
    0x30, 0x0, 0x0, 0x0, 0x22, 0xff, 0x53, 0x48,
    0x48, 0xee, 0x7b, 0x48, 0x48, 0x53, 0xff, 0x30,
    0x0, 0x0, 0x0, 0x21, 0xff, 0xbc, 0xb8, 0xb8,
    0xf9, 0xcc, 0xb8, 0xb8, 0xbc, 0xff, 0x30, 0x0,
    0x0, 0x0, 0x23, 0xff, 0x10, 0x0, 0x0, 0xe8,
    0x48, 0x0, 0x0, 0x10, 0xff, 0x30, 0x0, 0x0,
    0x0, 0x2b, 0xff, 0xf4, 0xf4, 0xf4, 0xfe, 0xf7,
    0xf4, 0xf4, 0xf4, 0xff, 0x30, 0x0, 0x0, 0x0,
    0x2, 0xc, 0xc, 0xc, 0xc, 0xe9, 0x50, 0xc,
    0xc, 0xc, 0xc, 0x2, 0x0, 0xc, 0x44, 0x3d,
    0x3c, 0x3c, 0x3c, 0x3c, 0xed, 0x73, 0x3c, 0x3c,
    0x3c, 0x3c, 0x3f, 0x37, 0x25, 0xeb, 0xe6, 0xe4,
    0xe4, 0xe4, 0xe4, 0xfd, 0xeb, 0xe4, 0xe4, 0xe4,
    0xe5, 0xec, 0xbc, 0x0, 0x0, 0x0, 0x0, 0x0,
    0x0, 0x0, 0xe9, 0x48, 0x0, 0x0, 0x0, 0x0,
    0x0, 0x0, 0x0, 0x0, 0x0, 0x0, 0x0, 0x0,
    0x0, 0xed, 0x4a, 0x0, 0x0, 0x0, 0x0, 0x0,
    0x0, 0x0, 0x0, 0x0, 0x0, 0x0, 0x0, 0x0,
    0xf9, 0x51, 0x0, 0x0, 0x0, 0x0, 0x0, 0x0,

    /* U+53F7 "号" */
    0x0, 0x0, 0x0, 0x7d, 0xff, 0xff, 0xff, 0xff,
    0xff, 0xff, 0xff, 0xff, 0x8b, 0x0, 0x0, 0x0,
    0x0, 0x0, 0x0, 0x75, 0xc0, 0x0, 0x0, 0x0,
    0x0, 0x0, 0x0, 0xb0, 0x83, 0x0, 0x0, 0x0,
    0x0, 0x0, 0x0, 0x71, 0xc0, 0x0, 0x0, 0x0,
    0x0, 0x0, 0x0, 0xb0, 0x83, 0x0, 0x0, 0x0,
    0x0, 0x0, 0x0, 0x79, 0xfd, 0xf4, 0xf4, 0xf4,
    0xf4, 0xf4, 0xf4, 0xfc, 0x8b, 0x0, 0x0, 0x0,
    0x0, 0x0, 0x0, 0x6, 0xc, 0xc, 0xc, 0xc,
    0xc, 0xc, 0xc, 0xc, 0x6, 0x0, 0x0, 0x0,
    0xd, 0xd4, 0xcd, 0xc8, 0xc8, 0xc8, 0xc8, 0xc8,
    0xc8, 0xc8, 0xc8, 0xc8, 0xc8, 0xcb, 0xd3, 0xd,
    0x4, 0x45, 0x3e, 0x38, 0x68, 0xfb, 0x3e, 0x38,
    0x38, 0x38, 0x38, 0x38, 0x38, 0x3d, 0x44, 0x4,
    0x0, 0x0, 0x0, 0x0, 0x80, 0xc0, 0x0, 0x0,
    0x0, 0x0, 0x0, 0x0, 0x0, 0x0, 0x0, 0x0,
    0x0, 0x0, 0x0, 0x0, 0xcb, 0xef, 0xd8, 0xd8,
    0xd8, 0xd8, 0xd8, 0xd8, 0xbc, 0x0, 0x0, 0x0,
    0x0, 0x0, 0x0, 0x0, 0x36, 0x38, 0x38, 0x38,
    0x38, 0x38, 0x38, 0xb1, 0xbc, 0x0, 0x0, 0x0,
    0x0, 0x0, 0x0, 0x0, 0x0, 0x0, 0x0, 0x0,
    0x0, 0x0, 0x0, 0xb7, 0x99, 0x0, 0x0, 0x0,
    0x0, 0x0, 0x0, 0x0, 0x0, 0x0, 0x0, 0x0,
    0x0, 0x0, 0x0, 0xe2, 0x73, 0x0, 0x0, 0x0,
    0x0, 0x0, 0x0, 0x0, 0x0, 0x0, 0x0, 0x2d,
    0x5a, 0x5a, 0x8d, 0xff, 0x37, 0x0, 0x0, 0x0,
    0x0, 0x0, 0x0, 0x0, 0x0, 0x0, 0x0, 0x2f,
    0xff, 0xf1, 0xce, 0x7a, 0x0, 0x0, 0x0, 0x0,
    0x0, 0x0, 0x0, 0x0, 0x0, 0x0, 0x0, 0x0,
    0x6, 0x0, 0x0, 0x0, 0x0, 0x0, 0x0, 0x0,

    /* U+5934 "头" */
    0x0, 0x0, 0x0, 0x0, 0x8, 0x0, 0x0, 0x0,
    0x2c, 0xd0, 0x3c, 0x0, 0x0, 0x0, 0x0, 0x0,
    0x0, 0x0, 0x0, 0x59, 0xe2, 0x4d, 0x0, 0x0,
    0x32, 0xff, 0x1e, 0x0, 0x0, 0x0, 0x0, 0x0,
    0x0, 0x0, 0x0, 0x5, 0x7c, 0xf8, 0xac, 0x19,
    0x35, 0xff, 0x6, 0x0, 0x0, 0x0, 0x0, 0x0,
    0x0, 0x0, 0x0, 0x0, 0x0, 0x31, 0xc3, 0x19,
    0x3a, 0xfb, 0x0, 0x0, 0x0, 0x0, 0x0, 0x0,
    0x0, 0x1a, 0xd6, 0x72, 0x6, 0x0, 0x0, 0x0,
    0x43, 0xf0, 0x0, 0x0, 0x0, 0x0, 0x0, 0x0,
    0x0, 0x6, 0x75, 0xf3, 0xd8, 0x3e, 0x0, 0x0,
    0x51, 0xde, 0x0, 0x0, 0x0, 0x0, 0x0, 0x0,
    0x0, 0x0, 0x0, 0x1c, 0xbe, 0x5b, 0x0, 0x0,
    0x63, 0xca, 0x0, 0x0, 0x0, 0x0, 0x0, 0x0,
    0x5, 0x56, 0x4e, 0x4c, 0x4d, 0x4c, 0x4c, 0x4c,
    0xa0, 0xcd, 0x4c, 0x4c, 0x4c, 0x4e, 0x55, 0x16,
    0xf, 0xf1, 0xeb, 0xe5, 0xe4, 0xe4, 0xe4, 0xe4,
    0xfd, 0xef, 0xe4, 0xe4, 0xe4, 0xe7, 0xee, 0x3c,
    0x0, 0x0, 0x0, 0x0, 0x0, 0x0, 0x0, 0x2f,
    0xfb, 0x25, 0x0, 0x0, 0x0, 0x0, 0x0, 0x0,
    0x0, 0x0, 0x0, 0x0, 0x0, 0x0, 0xf, 0xd2,
    0x95, 0x26, 0x8c, 0xd, 0x0, 0x0, 0x0, 0x0,
    0x0, 0x0, 0x0, 0x0, 0x0, 0x26, 0xd1, 0xc0,
    0x6, 0x3c, 0xe0, 0xe3, 0x4f, 0x0, 0x0, 0x0,
    0x0, 0x0, 0x0, 0xf, 0x83, 0xf6, 0x9d, 0x7,
    0x0, 0x0, 0xb, 0x8f, 0xfd, 0xa1, 0xf, 0x0,
    0x0, 0x38, 0x9b, 0xf2, 0xd4, 0x49, 0x0, 0x0,
    0x0, 0x0, 0x0, 0x0, 0x44, 0xe7, 0xb3, 0x0,
    0x0, 0xd, 0xa5, 0x54, 0x2, 0x0, 0x0, 0x0,
    0x0, 0x0, 0x0, 0x0, 0x0, 0x16, 0x1e, 0x0,

    /* U+5B9E "实" */
    0x0, 0x0, 0x0, 0x0, 0x0, 0x0, 0x4, 0x4,
    0x0, 0x0, 0x0, 0x0, 0x0, 0x0, 0x0, 0x0,
    0x0, 0x0, 0x0, 0x14, 0xed, 0x61, 0x0, 0x0,
    0x0, 0x0, 0x0, 0x0, 0x0, 0x0, 0x0, 0x0,
    0x0, 0x0, 0xbe, 0xc7, 0x0, 0x0, 0x0, 0x0,
    0x0, 0x0, 0x47, 0xf4, 0xf4, 0xf4, 0xf4, 0xf4,
    0xfa, 0xff, 0xf4, 0xf4, 0xf4, 0xf4, 0xf4, 0x65,
    0x43, 0xff, 0x1b, 0xc, 0xc, 0xc, 0xc, 0x13,
    0xf, 0xc, 0xc, 0xc, 0xff, 0x62, 0x45, 0xec,
    0xe, 0x55, 0x77, 0x6, 0x0, 0x3e, 0xf2, 0x31,
    0x0, 0x0, 0xcc, 0x55, 0x0, 0x0, 0x0, 0x46,
    0xd1, 0xdc, 0x4c, 0x3c, 0xff, 0x17, 0x0, 0x0,
    0x0, 0x0, 0x0, 0x51, 0x9b, 0x1a, 0x4, 0x78,
    0x68, 0x45, 0xf6, 0x1, 0x0, 0x0, 0x0, 0x0,
    0x0, 0x2c, 0xb6, 0xf1, 0x63, 0x0, 0x0, 0x5f,
    0xd5, 0x0, 0x0, 0x0, 0x0, 0x0, 0x0, 0x0,
    0x0, 0x5f, 0x55, 0x0, 0x0, 0x7f, 0xb2, 0x0,
    0x0, 0x0, 0x0, 0x1, 0xee, 0xf7, 0xf4, 0xf4,
    0xf4, 0xf4, 0xf4, 0xfa, 0xfb, 0xf4, 0xf4, 0xf4,
    0xf9, 0xef, 0x26, 0x23, 0x1d, 0x1c, 0x1c, 0x1c,
    0x65, 0xf5, 0x32, 0x20, 0x1c, 0x1d, 0x23, 0x26,
    0x0, 0x0, 0x0, 0x0, 0x0, 0x5a, 0xf4, 0x62,
    0x7b, 0xda, 0x55, 0x1, 0x0, 0x0, 0x0, 0x0,
    0x13, 0x65, 0xca, 0xf1, 0x5c, 0x0, 0x17, 0x87,
    0xf5, 0xcb, 0x42, 0x0, 0x44, 0xcf, 0xfb, 0xeb,
    0x8a, 0x1a, 0x0, 0x0, 0x0, 0x0, 0x1b, 0xaf,
    0xff, 0x7d, 0x0, 0x75, 0x42, 0x3, 0x0, 0x0,
    0x0, 0x0, 0x0, 0x0, 0x0, 0x0, 0x4c, 0x12,

    /* U+5E27 "帧" */
    0x0, 0x0, 0x0, 0xe8, 0x44, 0x0, 0x0, 0x0,
    0x0, 0x3c, 0xff, 0x9, 0x0, 0x0, 0x0, 0x0,
    0x0, 0x0, 0x0, 0xde, 0x44, 0x0, 0x0, 0x0,
    0x0, 0x32, 0xff, 0xb8, 0xb8, 0xb8, 0xbc, 0x18,
    0x4, 0x48, 0x48, 0xe6, 0x78, 0x48, 0x18, 0x0,
    0x0, 0x30, 0xff, 0x38, 0x38, 0x39, 0x42, 0x8,
    0xa, 0xff, 0x9e, 0xf1, 0xb3, 0xef, 0x51, 0x0,
    0x0, 0x30, 0xff, 0x0, 0x0, 0x0, 0x0, 0x0,
    0x3, 0xff, 0x10, 0xdc, 0x44, 0xd8, 0x4a, 0xc1,
    0xc8, 0xd2, 0xff, 0xc8, 0xc8, 0xc8, 0x40, 0x0,
    0x0, 0xff, 0x10, 0xdc, 0x44, 0xd8, 0x48, 0xef,
    0x67, 0x18, 0x18, 0x18, 0x18, 0xed, 0x48, 0x0,
    0x0, 0xff, 0x10, 0xdc, 0x44, 0xd8, 0x48, 0xec,
    0x58, 0x2a, 0xf8, 0x45, 0x0, 0xec, 0x44, 0x0,
    0x0, 0xff, 0x10, 0xdc, 0x44, 0xd8, 0x48, 0xec,
    0x58, 0x24, 0xff, 0x2f, 0x0, 0xec, 0x44, 0x0,
    0x0, 0xff, 0x10, 0xdc, 0x44, 0xd8, 0x48, 0xec,
    0x58, 0x26, 0xff, 0x1f, 0x0, 0xec, 0x44, 0x0,
    0x0, 0xff, 0x10, 0xdc, 0x56, 0xe4, 0x45, 0xf2,
    0x58, 0x35, 0xfb, 0x4, 0x0, 0xec, 0x49, 0x0,
    0x5, 0xff, 0x10, 0xdc, 0xbb, 0xf4, 0x1e, 0xa3,
    0x39, 0x6d, 0xc2, 0x10, 0x27, 0x7d, 0x2b, 0x0,
    0x8, 0xb0, 0xb, 0xdc, 0x5a, 0x14, 0x0, 0x0,
    0x21, 0xe9, 0x53, 0x7d, 0xf5, 0x64, 0x0, 0x0,
    0x0, 0x0, 0x0, 0xe2, 0x44, 0x0, 0x8, 0x62,
    0xe8, 0x9a, 0x0, 0x6, 0x94, 0xff, 0xa3, 0x7,
    0x0, 0x0, 0x0, 0xe9, 0x44, 0x0, 0xa8, 0xe2,
    0x5e, 0x0, 0x0, 0x0, 0x0, 0x61, 0xdf, 0x25,
    0x0, 0x0, 0x0, 0x0, 0x0, 0x0, 0x8, 0x4,
    0x0, 0x0, 0x0, 0x0, 0x0, 0x0, 0x4, 0x0,

    /* U+5EA6 "度" */
    0x0, 0x0, 0x0, 0x0, 0x0, 0x0, 0x0, 0x47,
    0xbb, 0x3, 0x0, 0x0, 0x0, 0x0, 0x0, 0x0,
    0x0, 0x0, 0x16, 0x1c, 0x1c, 0x1c, 0x1c, 0x46,
    0xff, 0x59, 0x1c, 0x1c, 0x1e, 0x25, 0xa, 0x0,
    0x0, 0x0, 0xcd, 0xf0, 0xe4, 0xe4, 0xe4, 0xe4,
    0xe4, 0xe4, 0xe4, 0xe4, 0xe7, 0xef, 0x3c, 0x0,
    0x0, 0x0, 0xc8, 0x6f, 0x0, 0x0, 0x85, 0x40,
    0x0, 0x0, 0x32, 0xa9, 0x0, 0x0, 0x0, 0x0,
    0x0, 0x0, 0xc7, 0x6e, 0x17, 0xe, 0xd4, 0x69,
    0xc, 0xc, 0x4b, 0xf5, 0xd, 0x13, 0x8, 0x0,
    0x0, 0x0, 0xc8, 0x6b, 0xef, 0xe7, 0xfa, 0xee,
    0xe4, 0xe4, 0xeb, 0xfe, 0xe6, 0xeb, 0x4b, 0x0,
    0x0, 0x0, 0xcb, 0x66, 0x0, 0x0, 0xd2, 0x60,
    0x0, 0x0, 0x40, 0xf1, 0x0, 0x0, 0x0, 0x0,
    0x0, 0x0, 0xd6, 0x5b, 0x0, 0x0, 0xd8, 0xd5,
    0xbc, 0xbc, 0xcd, 0xf7, 0x0, 0x0, 0x0, 0x0,
    0x0, 0x0, 0xe2, 0x42, 0xf, 0x13, 0x41, 0x48,
    0x48, 0x48, 0x48, 0x47, 0xb, 0x0, 0x0, 0x0,
    0x0, 0x2, 0xfa, 0x28, 0x96, 0xe9, 0xff, 0xea,
    0xe4, 0xe4, 0xe4, 0xff, 0x9f, 0x0, 0x0, 0x0,
    0x0, 0x21, 0xff, 0xd, 0x0, 0x0, 0x97, 0xa7,
    0x0, 0x0, 0x6b, 0xe1, 0xe, 0x0, 0x0, 0x0,
    0x0, 0x64, 0xd6, 0x0, 0x0, 0x0, 0xc, 0xd4,
    0x8f, 0x57, 0xed, 0x31, 0x0, 0x0, 0x0, 0x0,
    0x0, 0xbe, 0x8f, 0x0, 0x0, 0x0, 0x0, 0x45,
    0xfd, 0xff, 0x7b, 0x4, 0x0, 0x0, 0x0, 0x0,
    0x2e, 0xff, 0x2c, 0x44, 0x6b, 0x97, 0xd7, 0xdf,
    0x87, 0x80, 0xda, 0xf6, 0xcb, 0xb2, 0x98, 0xb,
    0x0, 0x31, 0x0, 0x4f, 0xa1, 0x6e, 0x35, 0x0,
    0x0, 0x0, 0x0, 0x21, 0x5a, 0x88, 0x7a, 0x0,

    /* U+62E9 "择" */
    0x0, 0x0, 0x3e, 0xff, 0x1c, 0x0, 0x4, 0xb,
    0x3, 0x0, 0x0, 0x0, 0x0, 0x0, 0x0, 0x0,
    0x0, 0x0, 0x38, 0xff, 0x17, 0x0, 0x50, 0xff,
    0xff, 0xff, 0xff, 0xff, 0xff, 0xda, 0x7, 0x0,
    0x3, 0x15, 0x40, 0xff, 0x23, 0x17, 0x0, 0x4c,
    0xdb, 0xa, 0x0, 0x1c, 0xe6, 0x3f, 0x0, 0x0,
    0x20, 0xff, 0xff, 0xff, 0xff, 0xe0, 0x0, 0x0,
    0xaa, 0xb3, 0x45, 0xde, 0x68, 0x0, 0x0, 0x0,
    0x1, 0x8, 0x31, 0xff, 0x14, 0xa, 0x0, 0x0,
    0x16, 0xeb, 0xff, 0x9d, 0x0, 0x0, 0x0, 0x0,
    0x0, 0x0, 0x30, 0xff, 0x10, 0x16, 0x64, 0x9f,
    0xef, 0xac, 0x6c, 0xe7, 0xe3, 0xa9, 0x86, 0x19,
    0x0, 0x0, 0x30, 0xff, 0xba, 0x5b, 0xa9, 0x8b,
    0x2b, 0x56, 0x89, 0x7, 0x55, 0x9e, 0xa9, 0x0,
    0x2a, 0x94, 0xe4, 0xff, 0x85, 0x13, 0x10, 0x16,
    0x12, 0x82, 0xd7, 0x13, 0x18, 0x17, 0x0, 0x0,
    0x27, 0xdc, 0x83, 0xff, 0x10, 0x0, 0x8d, 0xf5,
    0xf1, 0xf7, 0xfd, 0xf2, 0xf6, 0xcd, 0x0, 0x0,
    0x0, 0x4, 0x30, 0xff, 0x10, 0x0, 0x0, 0x0,
    0x0, 0x70, 0xd0, 0x0, 0x0, 0x0, 0x0, 0x0,
    0x0, 0x0, 0x30, 0xff, 0x10, 0x20, 0x21, 0x1e,
    0x1c, 0x7f, 0xd5, 0x1e, 0x22, 0x26, 0x29, 0x0,
    0x0, 0x0, 0x30, 0xff, 0x10, 0xc2, 0xe9, 0xe7,
    0xe5, 0xf0, 0xfa, 0xe6, 0xe7, 0xea, 0xf1, 0x0,
    0x0, 0x33, 0x71, 0xff, 0xd, 0x0, 0x0, 0x0,
    0x0, 0x71, 0xd0, 0x0, 0x0, 0x0, 0x0, 0x0,
    0x0, 0x9e, 0xff, 0xcf, 0x0, 0x0, 0x0, 0x0,
    0x0, 0x76, 0xd2, 0x0, 0x0, 0x0, 0x0, 0x0,
    0x0, 0x3d, 0x57, 0xf, 0x0, 0x0, 0x0, 0x0,
    0x0, 0x83, 0xd9, 0x0, 0x0, 0x0, 0x0, 0x0,

    /* U+6309 "按" */
    0x0, 0x0, 0x0, 0x0, 0x0, 0x0, 0x0, 0x0,
    0x0, 0x1b, 0x16, 0x0, 0x0, 0x0, 0x0, 0x0,
    0x0, 0x0, 0x8, 0xff, 0x2a, 0x0, 0x0, 0x0,
    0x0, 0xb1, 0xa0, 0x0, 0x0, 0x0, 0x0, 0x0,
    0x0, 0x0, 0x0, 0xff, 0x21, 0x0, 0x0, 0x0,
    0x0, 0x2e, 0xeb, 0x14, 0x0, 0x0, 0x0, 0x0,
    0x0, 0x0, 0x0, 0xff, 0x20, 0x0, 0x81, 0xc4,
    0xc4, 0xc4, 0xcd, 0xc4, 0xc4, 0xc4, 0x79, 0x0,
    0x36, 0xd2, 0xcd, 0xff, 0xd6, 0x5e, 0xa0, 0x9d,
    0x34, 0x38, 0x34, 0x34, 0x34, 0xa3, 0x96, 0x0,
    0xc, 0x2b, 0x26, 0xff, 0x45, 0x17, 0xa3, 0x84,
    0x0, 0xa6, 0x93, 0x0, 0x0, 0x8c, 0x9a, 0x0,
    0x0, 0x0, 0x0, 0xff, 0x20, 0x0, 0x3f, 0x31,
    0x6, 0xf0, 0x5a, 0x0, 0x0, 0x2b, 0x32, 0x0,
    0x0, 0x0, 0x0, 0xff, 0x22, 0x22, 0x27, 0x22,
    0x63, 0xe8, 0x23, 0x20, 0x20, 0x20, 0x27, 0x3,
    0x0, 0x0, 0x13, 0xff, 0xdf, 0x8e, 0xc9, 0xd2,
    0xfb, 0xe0, 0xd0, 0xd0, 0xfa, 0xe2, 0xdb, 0x11,
    0x2c, 0xa9, 0xf4, 0xff, 0x4e, 0x0, 0x0, 0x41,
    0xee, 0x12, 0x0, 0x1d, 0xfc, 0x20, 0x0, 0x0,
    0xe, 0x96, 0x20, 0xff, 0x20, 0x0, 0x3, 0xd1,
    0x72, 0x0, 0x0, 0x86, 0xb5, 0x0, 0x0, 0x0,
    0x0, 0x0, 0x0, 0xff, 0x20, 0x0, 0x16, 0xb2,
    0xe5, 0x7b, 0x32, 0xf1, 0x34, 0x0, 0x0, 0x0,
    0x0, 0x0, 0x0, 0xff, 0x20, 0x0, 0x0, 0x0,
    0x2d, 0xc0, 0xff, 0xd1, 0xf, 0x0, 0x0, 0x0,
    0x0, 0x0, 0xb, 0xff, 0x1f, 0x0, 0x0, 0x27,
    0x8b, 0xf1, 0x8b, 0xc9, 0xec, 0x6e, 0x5, 0x0,
    0x0, 0x62, 0xea, 0xf4, 0xc, 0x73, 0xdc, 0xf9,
    0xa4, 0x2a, 0x0, 0x3, 0x75, 0xf7, 0xac, 0x0,
    0x0, 0x17, 0x63, 0x1d, 0x0, 0x2a, 0x5d, 0x11,
    0x0, 0x0, 0x0, 0x0, 0x0, 0x27, 0x22, 0x0,

    /* U+6444 "摄" */
    0x0, 0x0, 0x3e, 0xfc, 0x2, 0x5, 0x9, 0x1,
    0x0, 0x0, 0x0, 0x0, 0x0, 0x5, 0x8, 0x0,
    0x0, 0x0, 0x37, 0xf1, 0x0, 0x5a, 0xf5, 0xfe,
    0xf2, 0xf0, 0xf0, 0xf0, 0xfe, 0xf6, 0xaf, 0x0,
    0x0, 0x5, 0x35, 0xec, 0x3, 0x5, 0x0, 0xec,
    0x6c, 0x54, 0x54, 0x54, 0xf2, 0x34, 0x0, 0x0,
    0x14, 0xff, 0xff, 0xff, 0xff, 0x9c, 0x0, 0xec,
    0x84, 0x70, 0x70, 0x70, 0xf4, 0x34, 0x0, 0x0,
    0x1, 0x8, 0x35, 0xec, 0x6, 0x8, 0x0, 0xec,
    0x9f, 0x90, 0x90, 0x90, 0xf7, 0x34, 0x0, 0x0,
    0x0, 0x0, 0x34, 0xec, 0x0, 0x1, 0x0, 0xec,
    0x76, 0x60, 0x60, 0x60, 0xf3, 0x34, 0x0, 0x0,
    0x0, 0x0, 0x35, 0xf5, 0xb9, 0x67, 0xa9, 0xf9,
    0xbd, 0xba, 0xc3, 0xcb, 0xfc, 0xe6, 0xd5, 0x0,
    0xd, 0x78, 0xe4, 0xff, 0xa1, 0x39, 0x89, 0x69,
    0x48, 0x38, 0x30, 0x29, 0xee, 0x34, 0x0, 0x0,
    0x6, 0x91, 0x6a, 0xec, 0x0, 0xb3, 0xf8, 0xf4,
    0xf4, 0xa5, 0xfc, 0xf5, 0xff, 0xff, 0x64, 0x0,
    0x0, 0x0, 0x34, 0xec, 0x0, 0x42, 0x2f, 0x1d,
    0xfc, 0x12, 0xe4, 0x39, 0x10, 0xef, 0x2a, 0x0,
    0x0, 0x0, 0x34, 0xec, 0x0, 0x61, 0xf1, 0xb5,
    0xb9, 0x0, 0x89, 0x99, 0x56, 0xcc, 0x0, 0x0,
    0x0, 0x0, 0x34, 0xec, 0x0, 0x0, 0x33, 0xfb,
    0xdc, 0x35, 0x18, 0xee, 0xeb, 0x44, 0x0, 0x0,
    0x0, 0x31, 0x6b, 0xe9, 0x0, 0xb, 0xb6, 0xaa,
    0x76, 0x3a, 0x5b, 0xeb, 0xed, 0x7f, 0x8, 0x0,
    0x0, 0x9f, 0xf9, 0x91, 0x3, 0xc9, 0xae, 0x8,
    0x18, 0xc7, 0xde, 0x34, 0x24, 0xcc, 0xe3, 0x13,
    0x0, 0x11, 0x7, 0x0, 0x0, 0x1e, 0x1, 0x0,
    0x0, 0x33, 0x9, 0x0, 0x0, 0x1, 0x1d, 0x0,

    /* U+65CB "旋" */
    0x0, 0x0, 0x0, 0x0, 0x0, 0x0, 0x0, 0x0,
    0x0, 0x4, 0x0, 0x0, 0x0, 0x0, 0x0, 0x0,
    0x0, 0x0, 0x0, 0x1c, 0xcc, 0x5, 0x0, 0x0,
    0x6, 0xe3, 0x6a, 0x0, 0x0, 0x0, 0x0, 0x0,
    0x0, 0x0, 0x0, 0x1, 0xe7, 0x4e, 0x0, 0x0,
    0x4c, 0xfe, 0x26, 0x0, 0x0, 0x0, 0x0, 0x0,
    0x0, 0x13, 0x10, 0xc, 0x57, 0x29, 0x17, 0x6,
    0xba, 0xfb, 0xdc, 0xdc, 0xdc, 0xdc, 0xe1, 0x8d,
    0x0, 0xc6, 0xec, 0xff, 0xe6, 0xe8, 0xef, 0x78,
    0xff, 0x49, 0x14, 0x14, 0x14, 0x14, 0x17, 0x13,
    0x0, 0x0, 0x38, 0xf7, 0x0, 0x0, 0x8, 0xd5,
    0xe0, 0x71, 0x69, 0x68, 0x68, 0x68, 0x68, 0x2b,
    0x0, 0x0, 0x40, 0xef, 0x0, 0x0, 0x38, 0xe6,
    0x66, 0x92, 0xa2, 0xf6, 0x88, 0x9b, 0xff, 0x28,
    0x0, 0x0, 0x4b, 0xfe, 0xf0, 0xf0, 0x5f, 0x4,
    0x0, 0x0, 0x34, 0xec, 0x0, 0x67, 0xce, 0x0,
    0x0, 0x0, 0x5e, 0xcb, 0x0, 0xd2, 0x50, 0x0,
    0xd0, 0x40, 0x34, 0xec, 0x0, 0x0, 0xe, 0x0,
    0x0, 0x0, 0x82, 0xa9, 0x0, 0xde, 0x3d, 0x6,
    0xff, 0x29, 0x34, 0xfb, 0xc9, 0xcc, 0xa8, 0x0,
    0x0, 0x0, 0xca, 0x7b, 0x0, 0xe9, 0x2e, 0x21,
    0xff, 0x21, 0x34, 0xf0, 0x3a, 0x3c, 0x36, 0x0,
    0x0, 0x19, 0xfe, 0x32, 0x2, 0xfa, 0x1f, 0x5d,
    0xff, 0x74, 0x34, 0xec, 0x0, 0x0, 0x0, 0x0,
    0x0, 0x95, 0xd4, 0x25, 0x76, 0xf5, 0x9, 0xc8,
    0x9d, 0xe7, 0x7d, 0xec, 0x0, 0x0, 0x0, 0x0,
    0x1f, 0xfb, 0x59, 0x37, 0xee, 0x63, 0x6f, 0xf2,
    0x11, 0x3b, 0xea, 0xf8, 0x8a, 0x70, 0x6d, 0x32,
    0x0, 0x39, 0x1, 0x1, 0x5, 0x36, 0xfb, 0x62,
    0x0, 0x0, 0x14, 0x76, 0xb5, 0xd3, 0xf1, 0x30,
    0x0, 0x0, 0x0, 0x0, 0x0, 0x0, 0x21, 0x0,
    0x0, 0x0, 0x0, 0x0, 0x0, 0x0, 0x0, 0x0,

    /* U+65E0 "无" */
    0x0, 0x0, 0x0, 0x0, 0x0, 0x0, 0x0, 0x0,
    0x0, 0x0, 0x0, 0x0, 0x0, 0x0, 0x0, 0x0,
    0x0, 0x0, 0x50, 0xfd, 0xf6, 0xf4, 0xf4, 0xf4,
    0xf4, 0xf4, 0xf4, 0xf7, 0xfe, 0x40, 0x0, 0x0,
    0x0, 0x0, 0xd, 0x26, 0x20, 0x1c, 0x65, 0xef,
    0x1c, 0x1c, 0x1c, 0x1e, 0x24, 0xa, 0x0, 0x0,
    0x0, 0x0, 0x0, 0x0, 0x0, 0x0, 0x56, 0xea,
    0x0, 0x0, 0x0, 0x0, 0x0, 0x0, 0x0, 0x0,
    0x0, 0x0, 0x0, 0x0, 0x0, 0x0, 0x5a, 0xe2,
    0x0, 0x0, 0x0, 0x0, 0x0, 0x0, 0x0, 0x0,
    0x0, 0x6, 0x4, 0x0, 0x0, 0x0, 0x5e, 0xd6,
    0x0, 0x0, 0x0, 0x0, 0x0, 0x6, 0x8, 0x0,
    0x0, 0x80, 0xff, 0xff, 0xff, 0xff, 0xff, 0xff,
    0xff, 0xff, 0xff, 0xff, 0xff, 0xff, 0xb0, 0x0,
    0x0, 0xe, 0x14, 0x11, 0x10, 0x10, 0xa5, 0x9a,
    0x4c, 0xe2, 0x10, 0x10, 0x10, 0x17, 0x14, 0x0,
    0x0, 0x0, 0x0, 0x0, 0x0, 0x1, 0xe4, 0x54,
    0x40, 0xe0, 0x0, 0x0, 0x0, 0x0, 0x0, 0x0,
    0x0, 0x0, 0x0, 0x0, 0x0, 0x4d, 0xf4, 0xd,
    0x40, 0xe0, 0x0, 0x0, 0x0, 0x0, 0x0, 0x0,
    0x0, 0x0, 0x0, 0x0, 0x12, 0xdc, 0x8f, 0x0,
    0x40, 0xe0, 0x0, 0x0, 0x0, 0x1, 0x0, 0x0,
    0x0, 0x0, 0x0, 0x10, 0xc6, 0xde, 0xd, 0x0,
    0x40, 0xe0, 0x0, 0x0, 0x0, 0x5c, 0xbb, 0x2,
    0x0, 0x0, 0x36, 0xd8, 0xe8, 0x28, 0x0, 0x0,
    0x38, 0xfa, 0x48, 0x2c, 0x2c, 0xae, 0xd9, 0x0,
    0x0, 0x94, 0xfe, 0xc1, 0x1b, 0x0, 0x0, 0x0,
    0x6, 0xbb, 0xf3, 0xf4, 0xf4, 0xee, 0x5e, 0x0,
    0x0, 0x2c, 0x64, 0x1, 0x0, 0x0, 0x0, 0x0,
    0x0, 0x0, 0x0, 0x0, 0x0, 0x0, 0x0, 0x0,

    /* U+65F6 "时" */
    0x0, 0x0, 0x0, 0x0, 0x0, 0x0, 0x0, 0x0,
    0x0, 0x0, 0x0, 0xfa, 0x61, 0x0, 0x0, 0x33,
    0x38, 0x38, 0x38, 0x38, 0xb, 0x0, 0x0, 0x0,
    0x0, 0x0, 0xf6, 0x5d, 0x0, 0x0, 0xe9, 0xe7,
    0xd8, 0xdc, 0xff, 0x30, 0x0, 0x0, 0x0, 0x0,
    0x0, 0xf1, 0x58, 0x0, 0x0, 0xe5, 0x64, 0x0,
    0x1c, 0xff, 0x3d, 0x63, 0x5e, 0x5b, 0x59, 0x58,
    0xf3, 0x91, 0x61, 0x21, 0xe0, 0x64, 0x0, 0x1c,
    0xff, 0x4a, 0xc5, 0xc0, 0xbb, 0xba, 0xb9, 0xfa,
    0xd1, 0xc2, 0x41, 0xdf, 0x86, 0x38, 0x4d, 0xff,
    0x26, 0x0, 0x0, 0x0, 0x0, 0x0, 0xec, 0x54,
    0x0, 0x0, 0xdd, 0xe7, 0xd8, 0xdc, 0xff, 0x24,
    0xe, 0x67, 0x2, 0x0, 0x0, 0xec, 0x54, 0x0,
    0x0, 0xdc, 0x64, 0x0, 0x1c, 0xff, 0x24, 0x21,
    0xf5, 0x62, 0x0, 0x0, 0xec, 0x54, 0x0, 0x0,
    0xdf, 0x64, 0x0, 0x1c, 0xff, 0x24, 0x0, 0x83,
    0xe7, 0xc, 0x0, 0xec, 0x54, 0x0, 0x0, 0xe2,
    0x75, 0x1c, 0x34, 0xff, 0x26, 0x0, 0x18, 0x80,
    0x11, 0x0, 0xec, 0x54, 0x0, 0x0, 0xe5, 0xf8,
    0xf4, 0xf5, 0xff, 0x29, 0x0, 0x0, 0x0, 0x0,
    0x0, 0xec, 0x54, 0x0, 0x0, 0xe8, 0x64, 0x0,
    0x1c, 0xff, 0x2e, 0x0, 0x0, 0x0, 0x0, 0x0,
    0xec, 0x54, 0x0, 0x0, 0xea, 0x64, 0x0, 0x6,
    0x38, 0xb, 0x0, 0x0, 0x0, 0x0, 0x0, 0xf2,
    0x54, 0x0, 0x0, 0x16, 0x9, 0x0, 0x0, 0x0,
    0x0, 0x0, 0x0, 0x0, 0x8d, 0xc4, 0xff, 0x37,
    0x0, 0x0, 0x0, 0x0, 0x0, 0x0, 0x0, 0x0,
    0x0, 0x0, 0x0, 0x47, 0x87, 0x41, 0x0, 0x0,
    0x0,

    /* U+673A "机" */
    0x0, 0x0, 0x0, 0xe8, 0x74, 0x0, 0x0, 0x0,
    0x0, 0x0, 0x0, 0x0, 0x0, 0x0, 0x0, 0x0,
    0x0, 0x0, 0x0, 0xdf, 0x66, 0x0, 0x0, 0x2e,
    0xf4, 0xf4, 0xf4, 0xf4, 0x6a, 0x0, 0x0, 0x0,
    0x0, 0x0, 0x0, 0xdc, 0x64, 0x0, 0x0, 0x29,
    0xff, 0x25, 0x1c, 0xdf, 0x68, 0x0, 0x0, 0x0,
    0x27, 0xde, 0xd8, 0xfa, 0xe7, 0xda, 0x9e, 0x26,
    0xff, 0x9, 0x0, 0xdc, 0x65, 0x0, 0x0, 0x0,
    0xc, 0x3c, 0x4e, 0xff, 0x7d, 0x2d, 0x25, 0x24,
    0xff, 0x7, 0x0, 0xdc, 0x64, 0x0, 0x0, 0x0,
    0x0, 0x0, 0x6b, 0xff, 0x64, 0x0, 0x0, 0x27,
    0xff, 0x3, 0x0, 0xdc, 0x64, 0x0, 0x0, 0x0,
    0x0, 0x0, 0xc0, 0xff, 0xb4, 0xa3, 0x0, 0x2c,
    0xfc, 0x0, 0x0, 0xdc, 0x64, 0x0, 0x0, 0x0,
    0x0, 0x2a, 0xfa, 0xed, 0x8b, 0xf7, 0x63, 0x39,
    0xf1, 0x0, 0x0, 0xdc, 0x64, 0x0, 0x0, 0x0,
    0x0, 0xa5, 0xaf, 0xdc, 0x64, 0x7a, 0x5b, 0x57,
    0xd9, 0x0, 0x0, 0xdc, 0x64, 0x0, 0x0, 0x0,
    0x3c, 0xfe, 0x41, 0xdc, 0x64, 0x0, 0x0, 0x77,
    0xb7, 0x0, 0x0, 0xdc, 0x64, 0x0, 0x0, 0x0,
    0x34, 0xa5, 0x0, 0xdc, 0x64, 0x0, 0x0, 0xb8,
    0x7d, 0x0, 0x0, 0xdc, 0x64, 0x0, 0x0, 0x0,
    0x0, 0x0, 0x0, 0xdd, 0x64, 0x0, 0x29, 0xfc,
    0x26, 0x0, 0x0, 0xdc, 0x64, 0x20, 0x74, 0x7,
    0x0, 0x0, 0x0, 0xe0, 0x68, 0xb, 0xc9, 0xaa,
    0x0, 0x0, 0x0, 0xd9, 0x88, 0x59, 0xf6, 0x5,
    0x0, 0x0, 0x0, 0xe8, 0x6f, 0x47, 0xd8, 0x14,
    0x0, 0x0, 0x0, 0x91, 0xfb, 0xff, 0x96, 0x0,
    0x0, 0x0, 0x0, 0x0, 0x0, 0x0, 0x4, 0x0,
    0x0, 0x0, 0x0, 0x0, 0x0, 0x0, 0x0, 0x0,

    /* U+7387 "率" */
    0x0, 0x0, 0x0, 0x0, 0x0, 0x0, 0x0, 0x51,
    0x65, 0x0, 0x0, 0x0, 0x0, 0x0, 0x0, 0x0,
    0x0, 0x6, 0x22, 0x1b, 0x18, 0x18, 0x18, 0x8c,
    0xee, 0x1b, 0x18, 0x18, 0x19, 0x1f, 0x1a, 0x0,
    0x0, 0x23, 0xdd, 0xd3, 0xc9, 0xc8, 0xc8, 0xde,
    0xc8, 0xc8, 0xc8, 0xc8, 0xcc, 0xd7, 0xa1, 0x0,
    0x0, 0x0, 0x47, 0x25, 0x0, 0x0, 0x72, 0xe6,
    0x1f, 0x2b, 0x7, 0x0, 0xc, 0x7e, 0xc, 0x0,
    0x0, 0x1, 0x83, 0xf3, 0x55, 0x6c, 0xd3, 0x27,
    0x38, 0xf3, 0x82, 0x2f, 0xd4, 0xbf, 0x22, 0x0,
    0x0, 0x0, 0x0, 0x41, 0x12, 0xf2, 0xff, 0xf7,
    0xff, 0x87, 0x0, 0x1d, 0x86, 0x3, 0x0, 0x0,
    0x0, 0x0, 0x0, 0xd, 0x29, 0x37, 0x22, 0xd3,
    0x8d, 0x37, 0x4c, 0x5, 0x73, 0x7, 0x0, 0x0,
    0x0, 0x0, 0x3c, 0xda, 0x90, 0x21, 0xcd, 0x7f,
    0x5, 0x7e, 0xef, 0x34, 0xd2, 0xcc, 0x1d, 0x0,
    0x0, 0x64, 0xfa, 0x6f, 0xa, 0xf2, 0xfb, 0xe8,
    0xf5, 0xcf, 0xea, 0xae, 0x9, 0xb0, 0x87, 0x0,
    0x0, 0x6, 0x33, 0x0, 0x0, 0x28, 0xe, 0x78,
    0xc8, 0x0, 0x25, 0x21, 0x0, 0x3, 0x1, 0x0,
    0x2b, 0xe3, 0xdd, 0xd8, 0xd8, 0xd8, 0xd8, 0xea,
    0xf7, 0xd8, 0xd8, 0xd8, 0xd8, 0xdb, 0xe2, 0x39,
    0x7, 0x24, 0x1e, 0x18, 0x18, 0x18, 0x18, 0x84,
    0xcd, 0x18, 0x18, 0x18, 0x18, 0x1a, 0x20, 0x9,
    0x0, 0x0, 0x0, 0x0, 0x0, 0x0, 0x0, 0x78,
    0xc8, 0x0, 0x0, 0x0, 0x0, 0x0, 0x0, 0x0,
    0x0, 0x0, 0x0, 0x0, 0x0, 0x0, 0x0, 0x7b,
    0xca, 0x0, 0x0, 0x0, 0x0, 0x0, 0x0, 0x0,
    0x0, 0x0, 0x0, 0x0, 0x0, 0x0, 0x0, 0x82,
    0xd2, 0x0, 0x0, 0x0, 0x0, 0x0, 0x0, 0x0,

    /* U+753B "画" */
    0x3, 0xb, 0x6, 0x1, 0x0, 0x0, 0x0, 0x0,
    0x0, 0x0, 0x0, 0x1, 0x7, 0xb, 0x38, 0xff,
    0xff, 0xff, 0xff, 0xff, 0xff, 0xff, 0xff, 0xff,
    0xff, 0xff, 0xff, 0xec, 0x3, 0xc, 0x7, 0x2,
    0x0, 0x0, 0x0, 0x0, 0x0, 0x0, 0x0, 0x1,
    0x8, 0xc, 0x0, 0x0, 0x0, 0x2e, 0xb8, 0xb8,
    0xb8, 0xb8, 0xb8, 0xb8, 0xb1, 0x0, 0x0, 0x0,
    0x0, 0x0, 0x0, 0x38, 0xf0, 0x38, 0x60, 0xf0,
    0x38, 0x60, 0xef, 0x0, 0x0, 0x0, 0x4b, 0xa2,
    0x0, 0x35, 0xec, 0x0, 0x34, 0xec, 0x0, 0x34,
    0xec, 0x0, 0x4c, 0xc9, 0x5a, 0xd8, 0x0, 0x34,
    0xed, 0x18, 0x47, 0xed, 0x18, 0x47, 0xec, 0x0,
    0x55, 0xee, 0x58, 0xd8, 0x0, 0x34, 0xfe, 0xe8,
    0xec, 0xfe, 0xe8, 0xec, 0xec, 0x0, 0x54, 0xec,
    0x58, 0xd8, 0x0, 0x34, 0xec, 0x0, 0x34, 0xec,
    0x0, 0x34, 0xec, 0x0, 0x54, 0xec, 0x58, 0xd8,
    0x0, 0x39, 0xec, 0x0, 0x34, 0xec, 0x0, 0x34,
    0xf0, 0x0, 0x54, 0xec, 0x58, 0xd8, 0x0, 0x40,
    0xff, 0xff, 0xff, 0xff, 0xff, 0xff, 0xf8, 0x0,
    0x54, 0xec, 0x58, 0xd8, 0x0, 0x0, 0x0, 0x0,
    0x0, 0x0, 0x0, 0x0, 0x0, 0x0, 0x54, 0xec,
    0x5d, 0xf4, 0xb8, 0xb8, 0xb8, 0xb8, 0xb8, 0xb8,
    0xb8, 0xb8, 0xb8, 0xb8, 0xcf, 0xec, 0x16, 0x38,
    0x38, 0x38, 0x38, 0x38, 0x38, 0x38, 0x38, 0x38,
    0x38, 0x38, 0x79, 0xed, 0x0, 0x0, 0x0, 0x0,
    0x0, 0x0, 0x0, 0x0, 0x0, 0x0, 0x0, 0x0,
    0x54, 0xf6,

    /* U+8235 "舵" */
    0x0, 0x0, 0x0, 0x59, 0x6e, 0x0, 0x0, 0x0,
    0x0, 0x0, 0x70, 0x3b, 0x0, 0x0, 0x0, 0x0,
    0x0, 0x0, 0x0, 0xa1, 0xb5, 0x0, 0x0, 0x0,
    0x0, 0x0, 0xb5, 0xbc, 0x0, 0x0, 0x0, 0x0,
    0x0, 0x53, 0xe8, 0xf8, 0xf5, 0xe8, 0xe8, 0x28,
    0x28, 0x28, 0x54, 0x4d, 0x28, 0x28, 0x28, 0x2,
    0x0, 0x55, 0xe3, 0x18, 0x1c, 0x35, 0xff, 0x6e,
    0xf6, 0xd8, 0xd8, 0xd8, 0xd8, 0xdf, 0xff, 0x8,
    0x0, 0x50, 0xe0, 0x35, 0xde, 0x21, 0xff, 0x63,
    0xc4, 0x0, 0x0, 0x0, 0x0, 0x30, 0xff, 0x3,
    0x0, 0x50, 0xe0, 0x4, 0xe0, 0x46, 0xff, 0x5d,
    0xa5, 0x64, 0x2b, 0x0, 0x0, 0x22, 0xb8, 0x8,
    0xa, 0x5e, 0xe2, 0x10, 0x11, 0x2e, 0xff, 0x10,
    0x0, 0xdc, 0x5c, 0x0, 0x0, 0x9, 0x0, 0x0,
    0x5f, 0xf8, 0xfd, 0xf0, 0xf0, 0xf2, 0xff, 0x10,
    0x0, 0xd8, 0x58, 0x0, 0x4d, 0xe1, 0x2b, 0x0,
    0x0, 0x54, 0xd8, 0xa, 0x21, 0x20, 0xff, 0x10,
    0x0, 0xd8, 0x73, 0xa4, 0xeb, 0x82, 0x16, 0x0,
    0x0, 0x5d, 0xcb, 0x62, 0xc9, 0x20, 0xff, 0x10,
    0x0, 0xd8, 0xee, 0x7b, 0xc, 0x0, 0x0, 0x0,
    0x0, 0x77, 0xba, 0x13, 0xfc, 0x46, 0xff, 0x10,
    0x0, 0xd8, 0x59, 0x0, 0x0, 0x0, 0x0, 0x0,
    0x0, 0xab, 0x97, 0x0, 0x29, 0x20, 0xff, 0x10,
    0x0, 0xd8, 0x58, 0x0, 0x0, 0xc, 0x19, 0x0,
    0x4, 0xe8, 0x5e, 0x0, 0x1a, 0x73, 0xff, 0xa,
    0x0, 0xd2, 0x7d, 0x0, 0x0, 0x49, 0xf6, 0xd,
    0x40, 0xf7, 0x11, 0x0, 0x12, 0xe4, 0x8d, 0x0,
    0x0, 0x6a, 0xf0, 0xf2, 0xf0, 0xf6, 0x88, 0x0,
    0x0, 0x34, 0x0, 0x0, 0x0, 0x0, 0x0, 0x0,
    0x0, 0x0, 0x0, 0x0, 0x0, 0x0, 0x0, 0x0,

    /* U+83DC "菜" */
    0x0, 0x0, 0x0, 0x0, 0x0, 0x0, 0x0, 0x0,
    0x0, 0x4, 0x10, 0x0, 0x0, 0x0, 0x0, 0x0,
    0x0, 0x0, 0x0, 0x0, 0x0, 0xdb, 0x78, 0x0,
    0x0, 0x39, 0xfc, 0x0, 0x0, 0x0, 0x0, 0x0,
    0xa, 0x52, 0x4a, 0x48, 0x48, 0xde, 0x90, 0x48,
    0x48, 0x6b, 0xf8, 0x48, 0x48, 0x48, 0x4e, 0x15,
    0x1b, 0xd4, 0xcb, 0xc8, 0xc8, 0xf5, 0xdd, 0xc8,
    0xc8, 0xd2, 0xfd, 0xc8, 0xc8, 0xc8, 0xce, 0x35,
    0x0, 0x0, 0x0, 0x0, 0x0, 0xb7, 0x51, 0x0,
    0x2, 0x34, 0xe3, 0x2c, 0x3a, 0x1d, 0x0, 0x0,
    0x0, 0x10, 0xca, 0xd1, 0xd5, 0xdd, 0xe6, 0xf1,
    0xf0, 0xe5, 0xd8, 0xcd, 0xc5, 0x99, 0x1, 0x0,
    0x0, 0x0, 0x3b, 0x8f, 0x2e, 0x1d, 0x10, 0xa7,
    0x64, 0x0, 0x0, 0x10, 0xc5, 0x32, 0x0, 0x0,
    0x0, 0x0, 0x1a, 0xe9, 0x82, 0x0, 0x0, 0x89,
    0xe1, 0x3, 0x0, 0x89, 0xd8, 0x9, 0x0, 0x0,
    0x0, 0x0, 0x0, 0x58, 0xf3, 0x11, 0x0, 0x44,
    0xc3, 0x3, 0x14, 0xed, 0x45, 0x0, 0x0, 0x0,
    0x8, 0x2b, 0x24, 0x20, 0x3c, 0x20, 0x20, 0x62,
    0xe1, 0x20, 0x20, 0x2b, 0x20, 0x21, 0x29, 0xb,
    0x2f, 0xfb, 0xf4, 0xf0, 0xf0, 0xf4, 0xff, 0xf9,
    0xfd, 0xfe, 0xf6, 0xf0, 0xf0, 0xf2, 0xfb, 0x3f,
    0x0, 0x0, 0x0, 0x0, 0x3, 0xb6, 0xd6, 0x56,
    0xd8, 0x7c, 0xd7, 0x1b, 0x0, 0x0, 0x0, 0x0,
    0x0, 0x0, 0x0, 0x9, 0xac, 0xe0, 0x20, 0x48,
    0xd8, 0x1, 0xa0, 0xe7, 0x4a, 0x0, 0x0, 0x0,
    0x0, 0x0, 0x33, 0xd0, 0xd6, 0x20, 0x0, 0x48,
    0xd8, 0x0, 0x2, 0x95, 0xff, 0xba, 0x49, 0x6,
    0xd, 0xae, 0xfd, 0xab, 0xd, 0x0, 0x0, 0x4b,
    0xdb, 0x0, 0x0, 0x0, 0x5a, 0xe9, 0xcd, 0x16,
    0x0, 0x4b, 0x52, 0x0, 0x0, 0x0, 0x0, 0x53,
    0xe3, 0x0, 0x0, 0x0, 0x0, 0xf, 0x1d, 0x0,

    /* U+89D2 "角" */
    0x0, 0x0, 0x0, 0x0, 0x0, 0x6f, 0x92, 0x0,
    0x0, 0x0, 0x0, 0x0, 0x0, 0x0, 0x0, 0x0,
    0x0, 0x0, 0x37, 0xf8, 0x78, 0x18, 0x18, 0x18,
    0x18, 0x17, 0x0, 0x0, 0x0, 0x0, 0x0, 0x2e,
    0xec, 0xee, 0xe8, 0xe8, 0xe8, 0xea, 0xff, 0x81,
    0x0, 0x0, 0x0, 0x0, 0x5e, 0xf0, 0x83, 0x4,
    0x0, 0x0, 0x1, 0xa1, 0x9f, 0x0, 0x0, 0x0,
    0x0, 0x94, 0xf0, 0xdf, 0xe8, 0xe8, 0xe8, 0xe8,
    0xeb, 0xff, 0xeb, 0xe8, 0xe8, 0xe0, 0x0, 0x14,
    0x2c, 0xc1, 0x83, 0x28, 0x28, 0x53, 0xfc, 0x28,
    0x28, 0x28, 0x61, 0xef, 0x0, 0x0, 0x0, 0xc2,
    0x6c, 0x0, 0x0, 0x34, 0xfc, 0x0, 0x0, 0x0,
    0x44, 0xec, 0x0, 0x0, 0x0, 0xca, 0xff, 0xff,
    0xff, 0xff, 0xff, 0xff, 0xff, 0xff, 0xff, 0xec,
    0x0, 0x0, 0x0, 0xdc, 0x53, 0x0, 0x0, 0x34,
    0xfc, 0x0, 0x0, 0x0, 0x44, 0xec, 0x0, 0x0,
    0x5, 0xfa, 0x4c, 0xc, 0xc, 0x3d, 0xfc, 0xc,
    0xc, 0xc, 0x4c, 0xec, 0x0, 0x0, 0x34, 0xff,
    0xf4, 0xf4, 0xf4, 0xf6, 0xff, 0xf4, 0xf4, 0xf4,
    0xf7, 0xec, 0x0, 0x0, 0x8e, 0xe0, 0x0, 0x0,
    0x0, 0x34, 0xfc, 0x0, 0x0, 0x0, 0x44, 0xec,
    0x0, 0x27, 0xf7, 0x72, 0x0, 0x0, 0x0, 0x3e,
    0xfe, 0x0, 0x0, 0x1, 0x5f, 0xe9, 0x0, 0xb0,
    0xcb, 0x5, 0x0, 0x0, 0x0, 0x4d, 0xff, 0x6,
    0xa, 0xe9, 0xff, 0x9a, 0x0, 0x5, 0x15, 0x0,
    0x0, 0x0, 0x0, 0x0, 0x0, 0x0, 0x0, 0x23,
    0x15, 0x0,

    /* U+8C03 "调" */
    0x0, 0x0, 0x7, 0x14, 0x0, 0x0, 0x0, 0x0,
    0x0, 0x0, 0x0, 0x0, 0x0, 0x0, 0x0, 0x0,
    0x0, 0x8b, 0xd3, 0x11, 0x0, 0x44, 0xfe, 0xf0,
    0xf0, 0xf0, 0xf0, 0xf0, 0xf3, 0xf5, 0x0, 0x0,
    0xd, 0xd5, 0xb8, 0x0, 0x3f, 0xe8, 0x0, 0x0,
    0xb1, 0x2d, 0x0, 0x34, 0xee, 0x0, 0x0, 0x0,
    0x27, 0x2d, 0x0, 0x3b, 0xe8, 0x22, 0x35, 0xe9,
    0x5d, 0x30, 0x34, 0xec, 0x7, 0x16, 0x10, 0x10,
    0x1, 0x0, 0x39, 0xe8, 0x73, 0xc6, 0xf8, 0xcf,
    0xa6, 0x34, 0xec, 0x3f, 0xf7, 0xf1, 0xff, 0x1c,
    0x0, 0x38, 0xe8, 0x0, 0x0, 0xe0, 0x30, 0x0,
    0x34, 0xec, 0x0, 0x0, 0x10, 0xff, 0x15, 0x0,
    0x3a, 0xe8, 0x7a, 0xbb, 0xf7, 0xc6, 0xc0, 0x40,
    0xec, 0x0, 0x0, 0x10, 0xff, 0x10, 0x0, 0x3e,
    0xe6, 0x26, 0x39, 0x32, 0x32, 0x3a, 0x38, 0xec,
    0x0, 0x0, 0x10, 0xff, 0x10, 0x9, 0x46, 0xe0,
    0x54, 0xc8, 0xc8, 0xc8, 0x9f, 0x34, 0xec, 0x0,
    0x0, 0x10, 0xff, 0x4a, 0xd5, 0x63, 0xcf, 0x64,
    0xb7, 0x18, 0x60, 0xc3, 0x34, 0xec, 0x0, 0x0,
    0x10, 0xff, 0xf5, 0x8b, 0x94, 0xad, 0x62, 0xb0,
    0x0, 0x50, 0xc2, 0x34, 0xec, 0x0, 0x0, 0x3b,
    0xff, 0x9a, 0x4, 0xe9, 0x70, 0x64, 0xeb, 0xe0,
    0xe5, 0xbd, 0x34, 0xec, 0x0, 0x0, 0x22, 0x92,
    0x2, 0x6c, 0xf8, 0x14, 0x0, 0x0, 0x0, 0x0,
    0x0, 0x50, 0xe8, 0x0, 0x0, 0x0, 0x0, 0x22,
    0xf7, 0x89, 0x0, 0x0, 0x0, 0x0, 0x18, 0xe0,
    0xfc, 0xb7, 0x0, 0x0, 0x0, 0x0, 0x0, 0x4d,
    0xa, 0x0, 0x0, 0x0, 0x0, 0x0, 0x7b, 0x5c,
    0xc,

    /* U+8F6C "转" */
    0x0, 0x0, 0x0, 0xb, 0x0, 0x0, 0x0, 0x0,
    0x0, 0x0, 0x12, 0x0, 0x0, 0x0, 0x0, 0x0,
    0x0, 0x0, 0x0, 0xa7, 0xa4, 0x0, 0x0, 0x0,
    0x0, 0x0, 0xe8, 0x73, 0x0, 0x0, 0x0, 0x0,
    0x0, 0x0, 0x1, 0xe6, 0x4f, 0x0, 0x0, 0x0,
    0x0, 0xa, 0xfe, 0x25, 0x0, 0x0, 0x0, 0x0,
    0x15, 0xe3, 0xde, 0xff, 0xda, 0xd8, 0x9b, 0x6e,
    0xbe, 0xc1, 0xff, 0xb8, 0xb8, 0xba, 0x98, 0x0,
    0x5, 0x30, 0x94, 0xaf, 0x28, 0x2a, 0x25, 0x25,
    0x3b, 0x82, 0xce, 0x38, 0x38, 0x3a, 0x34, 0x0,
    0x0, 0x0, 0xd4, 0x45, 0x56, 0x1f, 0x0, 0x0,
    0x0, 0x92, 0x8d, 0x0, 0x0, 0x0, 0x0, 0x0,
    0x0, 0x3c, 0xdb, 0x1, 0xdd, 0x4d, 0x0, 0xd9,
    0xd9, 0xf4, 0xe8, 0xd8, 0xd8, 0xda, 0xe1, 0x40,
    0x9, 0xd3, 0xa3, 0x48, 0xe4, 0x7f, 0x48, 0x31,
    0x3c, 0xfe, 0x36, 0x28, 0x28, 0x2c, 0x33, 0xf,
    0x3, 0xe9, 0xea, 0xdb, 0xf9, 0xe6, 0xc0, 0x0,
    0x53, 0xdb, 0x0, 0x0, 0x0, 0x0, 0x0, 0x0,
    0x0, 0x9, 0x0, 0x0, 0xd8, 0x48, 0x0, 0x0,
    0x96, 0xf7, 0xe0, 0xe0, 0xe0, 0xe0, 0x69, 0x0,
    0x0, 0x0, 0x0, 0x6, 0xda, 0x8a, 0x79, 0x4,
    0x0, 0x0, 0x0, 0x4, 0xb5, 0xcf, 0x20, 0x0,
    0x29, 0xda, 0xf0, 0xf8, 0xfc, 0xba, 0x81, 0x3,
    0x4b, 0xd, 0x0, 0x9c, 0xce, 0xf, 0x0, 0x0,
    0x7, 0x4d, 0x22, 0x2, 0xda, 0x48, 0x0, 0xa,
    0xae, 0xea, 0xae, 0xe2, 0x18, 0x0, 0x0, 0x0,
    0x0, 0x0, 0x0, 0x0, 0xdd, 0x4b, 0x0, 0x0,
    0x0, 0x35, 0xc8, 0xdb, 0x40, 0x0, 0x0, 0x0,
    0x0, 0x0, 0x0, 0x0, 0xe4, 0x52, 0x0, 0x0,
    0x0, 0x0, 0x2, 0x6f, 0xf3, 0x27, 0x0, 0x0,
    0x0, 0x0, 0x0, 0x0, 0x0, 0x0, 0x0, 0x0,
    0x0, 0x0, 0x0, 0x0, 0x11, 0x0, 0x0, 0x0,

    /* U+8FDB "进" */
    0x0, 0x6, 0x62, 0x1d, 0x0, 0x0, 0x0, 0x41,
    0xec, 0x4, 0x1, 0xfe, 0x45, 0x0, 0x0, 0x0,
    0x0, 0x5, 0xdd, 0x91, 0x0, 0x0, 0x0, 0x3c,
    0xf8, 0x0, 0x0, 0xf8, 0x3e, 0x0, 0x0, 0x0,
    0x0, 0x0, 0x60, 0xf3, 0xe, 0x28, 0x34, 0x5b,
    0xf2, 0x2c, 0x2c, 0xf7, 0x5f, 0x33, 0x2d, 0x0,
    0x0, 0x0, 0xf, 0x94, 0x15, 0xb2, 0xf4, 0xef,
    0xfd, 0xe4, 0xe4, 0xfe, 0xec, 0xec, 0xc0, 0x0,
    0x0, 0x0, 0x0, 0x0, 0x0, 0x0, 0x0, 0x4b,
    0xe1, 0x0, 0x0, 0xf4, 0x3c, 0x0, 0x0, 0x0,
    0x2, 0xb5, 0xad, 0xab, 0x3, 0x0, 0x0, 0x56,
    0xd0, 0x0, 0x0, 0xf4, 0x3c, 0x0, 0x0, 0x0,
    0x2, 0x87, 0x9c, 0xf6, 0x1, 0x42, 0x3a, 0x83,
    0xcf, 0x38, 0x38, 0xf6, 0x68, 0x3e, 0x44, 0x7,
    0x0, 0x0, 0x44, 0xed, 0x3, 0xe3, 0xdb, 0xed,
    0xf2, 0xd8, 0xd8, 0xfe, 0xe3, 0xdf, 0xe5, 0x19,
    0x0, 0x0, 0x44, 0xec, 0x0, 0x0, 0x0, 0xa7,
    0x89, 0x0, 0x0, 0xf4, 0x3c, 0x0, 0x0, 0x0,
    0x0, 0x0, 0x44, 0xec, 0x0, 0x0, 0x3, 0xea,
    0x4e, 0x0, 0x0, 0xf4, 0x3c, 0x0, 0x0, 0x0,
    0x0, 0x0, 0x44, 0xec, 0x0, 0x0, 0x6c, 0xeb,
    0x7, 0x0, 0x0, 0xf5, 0x3d, 0x0, 0x0, 0x0,
    0x0, 0x0, 0x50, 0xf2, 0x20, 0x44, 0xf8, 0x66,
    0x0, 0x0, 0x0, 0xfc, 0x43, 0x0, 0x0, 0x0,
    0x1a, 0x9c, 0xd2, 0x81, 0xcc, 0xd1, 0xeb, 0x56,
    0x43, 0x3d, 0x38, 0xc9, 0x60, 0x3c, 0x42, 0x16,
    0xf, 0x9d, 0xf, 0x0, 0x0, 0x34, 0x7f, 0xb5,
    0xde, 0xf4, 0xff, 0xff, 0xff, 0xff, 0xff, 0x23,
    0x0, 0x0, 0x0, 0x0, 0x0, 0x0, 0x0, 0x0,
    0x0, 0x0, 0x3, 0x8, 0xc, 0xe, 0xf, 0x0,

    /* U+9000 "退" */
    0x0, 0x0, 0xbc, 0x74, 0x0, 0x0, 0xf1, 0xff,
    0xff, 0xff, 0xff, 0xff, 0xff, 0xef, 0x0, 0x0,
    0x0, 0x0, 0x9a, 0xce, 0x0, 0x0, 0xea, 0x66,
    0x10, 0x10, 0x10, 0x10, 0x57, 0xe8, 0x0, 0x0,
    0x0, 0x0, 0x4a, 0xff, 0x22, 0x0, 0xe4, 0x6d,
    0x1c, 0x1c, 0x1c, 0x1c, 0x5f, 0xe5, 0x0, 0x0,
    0x0, 0x0, 0xb, 0xb1, 0x2d, 0x0, 0xe4, 0xf8,
    0xf4, 0xf4, 0xf4, 0xf4, 0xf7, 0xe4, 0x0, 0x0,
    0x0, 0x0, 0x0, 0x0, 0x0, 0x0, 0xe4, 0x5c,
    0x0, 0x0, 0x0, 0x0, 0x4c, 0xe6, 0x0, 0x0,
    0x1, 0x57, 0x4e, 0x4c, 0x2, 0x0, 0xe4, 0xc7,
    0xa8, 0xa8, 0xa8, 0xa8, 0xc2, 0xec, 0x0, 0x0,
    0x3, 0xef, 0xee, 0xfd, 0x1, 0x0, 0xe4, 0xa6,
    0x74, 0x74, 0x74, 0x74, 0x74, 0x80, 0x0, 0x0,
    0x0, 0x0, 0x44, 0xee, 0x0, 0x0, 0xe4, 0x5c,
    0x49, 0xae, 0x24, 0x0, 0x3e, 0xf6, 0x66, 0x0,
    0x0, 0x0, 0x44, 0xec, 0x0, 0x0, 0xe4, 0x5c,
    0x19, 0xb2, 0xf6, 0x8f, 0xe9, 0x60, 0x0, 0x0,
    0x0, 0x0, 0x44, 0xec, 0x0, 0x0, 0xe4, 0x5c,
    0x20, 0x56, 0x5d, 0xee, 0xd9, 0x31, 0x0, 0x0,
    0x0, 0x0, 0x44, 0xec, 0x0, 0x1a, 0xfc, 0xd1,
    0xfa, 0xa8, 0x0, 0x1b, 0xbb, 0xfb, 0x81, 0x1,
    0x0, 0x0, 0x64, 0xf9, 0x60, 0x2d, 0xf1, 0x9e,
    0x28, 0x0, 0x0, 0x0, 0x1, 0x7c, 0x5d, 0x0,
    0x6, 0x93, 0xfb, 0xb1, 0xde, 0xe8, 0xa8, 0x6f,
    0x55, 0x4b, 0x4b, 0x51, 0x5f, 0x72, 0x8f, 0x6b,
    0x15, 0xda, 0x4d, 0x0, 0x3, 0x4d, 0x93, 0xc0,
    0xdd, 0xf5, 0xfd, 0xfd, 0xf1, 0xe2, 0xd0, 0x51,
    0x0, 0x8, 0x0, 0x0, 0x0, 0x0, 0x0, 0x0,
    0x0, 0x0, 0x0, 0x0, 0x0, 0x0, 0x0, 0x0,

    /* U+9009 "选" */
    0x0, 0x0, 0x9, 0xf, 0x0, 0x0, 0x48, 0x57,
    0x0, 0xbd, 0xdb, 0x0, 0x0, 0x0, 0x0, 0x0,
    0x0, 0x0, 0xca, 0x90, 0x0, 0x0, 0xbc, 0x9e,
    0x0, 0xb5, 0xcc, 0x0, 0x0, 0x0, 0x0, 0x0,
    0x0, 0x0, 0x5f, 0xf1, 0xa, 0xf, 0xf7, 0xd9,
    0xc8, 0xee, 0xf3, 0xcc, 0xd3, 0x93, 0x0, 0x0,
    0x0, 0x0, 0x6, 0xc8, 0x2b, 0x76, 0xd5, 0x28,
    0x28, 0xbc, 0xd0, 0x2a, 0x2d, 0x24, 0x0, 0x0,
    0x0, 0x0, 0x0, 0x0, 0x0, 0x55, 0x63, 0x0,
    0x0, 0xb0, 0xc8, 0x0, 0x0, 0x0, 0x0, 0x0,
    0x2, 0x26, 0x1f, 0x1d, 0x5, 0x60, 0x6d, 0x64,
    0x64, 0xcf, 0xdd, 0x64, 0x64, 0x68, 0x57, 0x0,
    0xf, 0xf0, 0xe9, 0xff, 0x2b, 0x84, 0xa8, 0xa6,
    0xfb, 0xb9, 0xbd, 0xf7, 0xa6, 0xa8, 0x89, 0x0,
    0x0, 0x0, 0x10, 0xff, 0x24, 0x0, 0x0, 0x4,
    0xfe, 0x29, 0x48, 0xe8, 0x0, 0x0, 0x0, 0x0,
    0x0, 0x0, 0x10, 0xff, 0x20, 0x0, 0x0, 0x2f,
    0xf8, 0xb, 0x48, 0xe8, 0x0, 0x0, 0x0, 0x0,
    0x0, 0x0, 0x10, 0xff, 0x20, 0x0, 0x0, 0x8e,
    0xab, 0x0, 0x48, 0xe8, 0x0, 0x42, 0x5c, 0x7,
    0x0, 0x0, 0x10, 0xff, 0x20, 0x0, 0x4b, 0xf3,
    0x26, 0x0, 0x45, 0xf9, 0x49, 0xb0, 0xf5, 0x6,
    0x0, 0x0, 0x16, 0xff, 0x38, 0x2e, 0xf0, 0x5a,
    0x0, 0x0, 0x12, 0xce, 0xf3, 0xf3, 0x80, 0x0,
    0x0, 0x3d, 0xda, 0x93, 0xb3, 0xbc, 0x8e, 0x56,
    0x3f, 0x30, 0x29, 0x28, 0x2c, 0x38, 0x4b, 0x25,
    0x3, 0xaf, 0x76, 0x0, 0x0, 0x26, 0x75, 0xaa,
    0xcc, 0xe3, 0xee, 0xf3, 0xf5, 0xf4, 0xee, 0x15,
    0x0, 0x0, 0x0, 0x0, 0x0, 0x0, 0x0, 0x0,
    0x0, 0x0, 0x0, 0x0, 0x0, 0x0, 0x0, 0x0,

    /* U+9762 "面" */
    0xa, 0x3, 0x0, 0x0, 0x0, 0x0, 0x0, 0x0,
    0x0, 0x0, 0x0, 0x0, 0x2, 0xa, 0xf0, 0xff,
    0xff, 0xff, 0xff, 0xff, 0xff, 0xff, 0xff, 0xff,
    0xff, 0xff, 0xff, 0xe0, 0x1a, 0x14, 0x10, 0x10,
    0x10, 0x4e, 0xf2, 0x1a, 0x10, 0x10, 0x10, 0x10,
    0x13, 0x18, 0x0, 0x0, 0x0, 0x0, 0x0, 0x9a,
    0x97, 0x0, 0x0, 0x0, 0x0, 0x0, 0x0, 0x0,
    0x0, 0xd2, 0xf4, 0xf4, 0xf4, 0xfd, 0xf8, 0xf4,
    0xf4, 0xf4, 0xf4, 0xf4, 0xc2, 0x0, 0x0, 0xd6,
    0x67, 0xc, 0x86, 0x95, 0xc, 0xc, 0xa4, 0x76,
    0xc, 0x76, 0xc5, 0x0, 0x0, 0xd0, 0x60, 0x0,
    0x80, 0x90, 0x0, 0x0, 0xa0, 0x70, 0x0, 0x70,
    0xc0, 0x0, 0x0, 0xd0, 0x60, 0x0, 0x80, 0xf9,
    0xf0, 0xf0, 0xfa, 0x70, 0x0, 0x70, 0xc0, 0x0,
    0x0, 0xd0, 0x60, 0x0, 0x80, 0x90, 0x0, 0x0,
    0xa0, 0x70, 0x0, 0x70, 0xc0, 0x0, 0x0, 0xd0,
    0x60, 0x0, 0x80, 0xe7, 0xc8, 0xc8, 0xeb, 0x70,
    0x0, 0x70, 0xc0, 0x0, 0x0, 0xd0, 0x60, 0x0,
    0x80, 0xa1, 0x28, 0x28, 0xaf, 0x70, 0x0, 0x70,
    0xc0, 0x0, 0x0, 0xd0, 0x60, 0x0, 0x80, 0x90,
    0x0, 0x0, 0xa0, 0x70, 0x0, 0x70, 0xc0, 0x0,
    0x0, 0xd2, 0xdd, 0xc8, 0xe4, 0xe7, 0xc8, 0xc8,
    0xeb, 0xe0, 0xc8, 0xe0, 0xc2, 0x0, 0x0, 0xd9,
    0x83, 0x38, 0x38, 0x38, 0x38, 0x38, 0x38, 0x38,
    0x38, 0x8f, 0xca, 0x0
};


/*---------------------
 *  GLYPH DESCRIPTION
 *--------------------*/

static const lv_font_fmt_txt_glyph_dsc_t glyph_dsc[] = {
    {.bitmap_index = 0, .adv_w = 0, .box_w = 0, .box_h = 0, .ofs_x = 0, .ofs_y = 0} /* id = 0 reserved */,
    {.bitmap_index = 0, .adv_w = 128, .box_w = 0, .box_h = 0, .ofs_x = 0, .ofs_y = 0},
    {.bitmap_index = 0, .adv_w = 128, .box_w = 2, .box_h = 12, .ofs_x = 3, .ofs_y = 0},
    {.bitmap_index = 24, .adv_w = 128, .box_w = 4, .box_h = 4, .ofs_x = 2, .ofs_y = 8},
    {.bitmap_index = 40, .adv_w = 128, .box_w = 8, .box_h = 12, .ofs_x = 0, .ofs_y = 0},
    {.bitmap_index = 136, .adv_w = 128, .box_w = 7, .box_h = 15, .ofs_x = 0, .ofs_y = -2},
    {.bitmap_index = 241, .adv_w = 128, .box_w = 8, .box_h = 12, .ofs_x = 0, .ofs_y = 0},
    {.bitmap_index = 337, .adv_w = 128, .box_w = 8, .box_h = 12, .ofs_x = 0, .ofs_y = 0},
    {.bitmap_index = 433, .adv_w = 128, .box_w = 3, .box_h = 4, .ofs_x = 2, .ofs_y = 8},
    {.bitmap_index = 445, .adv_w = 128, .box_w = 5, .box_h = 16, .ofs_x = 3, .ofs_y = -2},
    {.bitmap_index = 525, .adv_w = 128, .box_w = 5, .box_h = 16, .ofs_x = 0, .ofs_y = -2},
    {.bitmap_index = 605, .adv_w = 128, .box_w = 8, .box_h = 9, .ofs_x = 0, .ofs_y = 3},
    {.bitmap_index = 677, .adv_w = 128, .box_w = 8, .box_h = 8, .ofs_x = 0, .ofs_y = 2},
    {.bitmap_index = 741, .adv_w = 128, .box_w = 2, .box_h = 4, .ofs_x = 1, .ofs_y = -2},
    {.bitmap_index = 749, .adv_w = 128, .box_w = 8, .box_h = 2, .ofs_x = 0, .ofs_y = 5},
    {.bitmap_index = 765, .adv_w = 128, .box_w = 2, .box_h = 2, .ofs_x = 1, .ofs_y = 0},
    {.bitmap_index = 769, .adv_w = 128, .box_w = 8, .box_h = 14, .ofs_x = 0, .ofs_y = -1},
    {.bitmap_index = 881, .adv_w = 128, .box_w = 8, .box_h = 13, .ofs_x = 0, .ofs_y = -1},
    {.bitmap_index = 985, .adv_w = 128, .box_w = 4, .box_h = 12, .ofs_x = 1, .ofs_y = 0},
    {.bitmap_index = 1033, .adv_w = 128, .box_w = 8, .box_h = 13, .ofs_x = 0, .ofs_y = 0},
    {.bitmap_index = 1137, .adv_w = 128, .box_w = 8, .box_h = 12, .ofs_x = 0, .ofs_y = 0},
    {.bitmap_index = 1233, .adv_w = 128, .box_w = 8, .box_h = 12, .ofs_x = 0, .ofs_y = 0},
    {.bitmap_index = 1329, .adv_w = 128, .box_w = 8, .box_h = 12, .ofs_x = 0, .ofs_y = 0},
    {.bitmap_index = 1425, .adv_w = 128, .box_w = 8, .box_h = 12, .ofs_x = 0, .ofs_y = 0},
    {.bitmap_index = 1521, .adv_w = 128, .box_w = 8, .box_h = 12, .ofs_x = 0, .ofs_y = 0},
    {.bitmap_index = 1617, .adv_w = 128, .box_w = 8, .box_h = 12, .ofs_x = 0, .ofs_y = 0},
    {.bitmap_index = 1713, .adv_w = 128, .box_w = 8, .box_h = 12, .ofs_x = 0, .ofs_y = 0},
    {.bitmap_index = 1809, .adv_w = 128, .box_w = 2, .box_h = 8, .ofs_x = 3, .ofs_y = 0},
    {.bitmap_index = 1825, .adv_w = 128, .box_w = 2, .box_h = 10, .ofs_x = 3, .ofs_y = -2},
    {.bitmap_index = 1845, .adv_w = 128, .box_w = 8, .box_h = 14, .ofs_x = 0, .ofs_y = -1},
    {.bitmap_index = 1957, .adv_w = 128, .box_w = 8, .box_h = 6, .ofs_x = 0, .ofs_y = 3},
    {.bitmap_index = 2005, .adv_w = 128, .box_w = 8, .box_h = 14, .ofs_x = 0, .ofs_y = -1},
    {.bitmap_index = 2117, .adv_w = 128, .box_w = 7, .box_h = 12, .ofs_x = 0, .ofs_y = 0},
    {.bitmap_index = 2201, .adv_w = 128, .box_w = 8, .box_h = 12, .ofs_x = 0, .ofs_y = 0},
    {.bitmap_index = 2297, .adv_w = 128, .box_w = 8, .box_h = 12, .ofs_x = 0, .ofs_y = 0},
    {.bitmap_index = 2393, .adv_w = 128, .box_w = 8, .box_h = 12, .ofs_x = 0, .ofs_y = 0},
    {.bitmap_index = 2489, .adv_w = 128, .box_w = 8, .box_h = 12, .ofs_x = 0, .ofs_y = 0},
    {.bitmap_index = 2585, .adv_w = 128, .box_w = 8, .box_h = 12, .ofs_x = 0, .ofs_y = 0},
    {.bitmap_index = 2681, .adv_w = 128, .box_w = 8, .box_h = 12, .ofs_x = 0, .ofs_y = 0},
    {.bitmap_index = 2777, .adv_w = 128, .box_w = 8, .box_h = 12, .ofs_x = 0, .ofs_y = 0},
    {.bitmap_index = 2873, .adv_w = 128, .box_w = 8, .box_h = 12, .ofs_x = 0, .ofs_y = 0},
    {.bitmap_index = 2969, .adv_w = 128, .box_w = 8, .box_h = 12, .ofs_x = 0, .ofs_y = 0},
    {.bitmap_index = 3065, .adv_w = 128, .box_w = 2, .box_h = 12, .ofs_x = 3, .ofs_y = 0},
    {.bitmap_index = 3089, .adv_w = 128, .box_w = 7, .box_h = 12, .ofs_x = 0, .ofs_y = 0},
    {.bitmap_index = 3173, .adv_w = 128, .box_w = 8, .box_h = 12, .ofs_x = 0, .ofs_y = 0},
    {.bitmap_index = 3269, .adv_w = 128, .box_w = 8, .box_h = 12, .ofs_x = 0, .ofs_y = 0},
    {.bitmap_index = 3365, .adv_w = 128, .box_w = 8, .box_h = 12, .ofs_x = 0, .ofs_y = 0},
    {.bitmap_index = 3461, .adv_w = 128, .box_w = 8, .box_h = 12, .ofs_x = 0, .ofs_y = 0},
    {.bitmap_index = 3557, .adv_w = 128, .box_w = 8, .box_h = 12, .ofs_x = 0, .ofs_y = 0},
    {.bitmap_index = 3653, .adv_w = 128, .box_w = 8, .box_h = 12, .ofs_x = 0, .ofs_y = 0},
    {.bitmap_index = 3749, .adv_w = 128, .box_w = 8, .box_h = 13, .ofs_x = 0, .ofs_y = -1},
    {.bitmap_index = 3853, .adv_w = 128, .box_w = 8, .box_h = 12, .ofs_x = 0, .ofs_y = 0},
    {.bitmap_index = 3949, .adv_w = 128, .box_w = 8, .box_h = 12, .ofs_x = 0, .ofs_y = 0},
    {.bitmap_index = 4045, .adv_w = 128, .box_w = 8, .box_h = 12, .ofs_x = 0, .ofs_y = 0},
    {.bitmap_index = 4141, .adv_w = 128, .box_w = 8, .box_h = 12, .ofs_x = 0, .ofs_y = 0},
    {.bitmap_index = 4237, .adv_w = 128, .box_w = 8, .box_h = 12, .ofs_x = 0, .ofs_y = 0},
    {.bitmap_index = 4333, .adv_w = 128, .box_w = 8, .box_h = 12, .ofs_x = 0, .ofs_y = 0},
    {.bitmap_index = 4429, .adv_w = 128, .box_w = 8, .box_h = 12, .ofs_x = 0, .ofs_y = 0},
    {.bitmap_index = 4525, .adv_w = 128, .box_w = 8, .box_h = 12, .ofs_x = 0, .ofs_y = 0},
    {.bitmap_index = 4621, .adv_w = 128, .box_w = 8, .box_h = 12, .ofs_x = 0, .ofs_y = 0},
    {.bitmap_index = 4717, .adv_w = 128, .box_w = 5, .box_h = 16, .ofs_x = 3, .ofs_y = -2},
    {.bitmap_index = 4797, .adv_w = 128, .box_w = 8, .box_h = 14, .ofs_x = 0, .ofs_y = -2},
    {.bitmap_index = 4909, .adv_w = 128, .box_w = 5, .box_h = 16, .ofs_x = 0, .ofs_y = -2},
    {.bitmap_index = 4989, .adv_w = 128, .box_w = 7, .box_h = 3, .ofs_x = 0, .ofs_y = 11},
    {.bitmap_index = 5010, .adv_w = 128, .box_w = 8, .box_h = 1, .ofs_x = 0, .ofs_y = -2},
    {.bitmap_index = 5018, .adv_w = 128, .box_w = 4, .box_h = 3, .ofs_x = 2, .ofs_y = 11},
    {.bitmap_index = 5030, .adv_w = 128, .box_w = 8, .box_h = 8, .ofs_x = 0, .ofs_y = 0},
    {.bitmap_index = 5094, .adv_w = 128, .box_w = 8, .box_h = 12, .ofs_x = 0, .ofs_y = 0},
    {.bitmap_index = 5190, .adv_w = 128, .box_w = 8, .box_h = 8, .ofs_x = 0, .ofs_y = 0},
    {.bitmap_index = 5254, .adv_w = 128, .box_w = 7, .box_h = 12, .ofs_x = 0, .ofs_y = 0},
    {.bitmap_index = 5338, .adv_w = 128, .box_w = 8, .box_h = 8, .ofs_x = 0, .ofs_y = 0},
    {.bitmap_index = 5402, .adv_w = 128, .box_w = 8, .box_h = 12, .ofs_x = 0, .ofs_y = 0},
    {.bitmap_index = 5498, .adv_w = 128, .box_w = 8, .box_h = 11, .ofs_x = 0, .ofs_y = -2},
    {.bitmap_index = 5586, .adv_w = 128, .box_w = 7, .box_h = 12, .ofs_x = 0, .ofs_y = 0},
    {.bitmap_index = 5670, .adv_w = 128, .box_w = 2, .box_h = 12, .ofs_x = 3, .ofs_y = 0},
    {.bitmap_index = 5694, .adv_w = 128, .box_w = 5, .box_h = 14, .ofs_x = 1, .ofs_y = -2},
    {.bitmap_index = 5764, .adv_w = 128, .box_w = 8, .box_h = 12, .ofs_x = 0, .ofs_y = 0},
    {.bitmap_index = 5860, .adv_w = 128, .box_w = 2, .box_h = 12, .ofs_x = 3, .ofs_y = 0},
    {.bitmap_index = 5884, .adv_w = 128, .box_w = 8, .box_h = 8, .ofs_x = 0, .ofs_y = 0},
    {.bitmap_index = 5948, .adv_w = 128, .box_w = 7, .box_h = 8, .ofs_x = 0, .ofs_y = 0},
    {.bitmap_index = 6004, .adv_w = 128, .box_w = 8, .box_h = 8, .ofs_x = 0, .ofs_y = 0},
    {.bitmap_index = 6068, .adv_w = 128, .box_w = 8, .box_h = 10, .ofs_x = 0, .ofs_y = -2},
    {.bitmap_index = 6148, .adv_w = 128, .box_w = 7, .box_h = 10, .ofs_x = 0, .ofs_y = -2},
    {.bitmap_index = 6218, .adv_w = 128, .box_w = 6, .box_h = 8, .ofs_x = 1, .ofs_y = 0},
    {.bitmap_index = 6266, .adv_w = 128, .box_w = 6, .box_h = 8, .ofs_x = 1, .ofs_y = 0},
    {.bitmap_index = 6314, .adv_w = 128, .box_w = 7, .box_h = 11, .ofs_x = 0, .ofs_y = 0},
    {.bitmap_index = 6391, .adv_w = 128, .box_w = 7, .box_h = 8, .ofs_x = 0, .ofs_y = 0},
    {.bitmap_index = 6447, .adv_w = 128, .box_w = 8, .box_h = 8, .ofs_x = 0, .ofs_y = 0},
    {.bitmap_index = 6511, .adv_w = 128, .box_w = 8, .box_h = 8, .ofs_x = 0, .ofs_y = 0},
    {.bitmap_index = 6575, .adv_w = 128, .box_w = 8, .box_h = 8, .ofs_x = 0, .ofs_y = 0},
    {.bitmap_index = 6639, .adv_w = 128, .box_w = 8, .box_h = 10, .ofs_x = 0, .ofs_y = -2},
    {.bitmap_index = 6719, .adv_w = 128, .box_w = 7, .box_h = 8, .ofs_x = 0, .ofs_y = 0},
    {.bitmap_index = 6775, .adv_w = 128, .box_w = 4, .box_h = 15, .ofs_x = 3, .ofs_y = -2},
    {.bitmap_index = 6835, .adv_w = 128, .box_w = 2, .box_h = 17, .ofs_x = 3, .ofs_y = -2},
    {.bitmap_index = 6869, .adv_w = 128, .box_w = 5, .box_h = 15, .ofs_x = 0, .ofs_y = -2},
    {.bitmap_index = 6944, .adv_w = 128, .box_w = 8, .box_h = 5, .ofs_x = 0, .ofs_y = 11},
    {.bitmap_index = 6984, .adv_w = 256, .box_w = 14, .box_h = 14, .ofs_x = 1, .ofs_y = -1},
    {.bitmap_index = 7180, .adv_w = 256, .box_w = 15, .box_h = 15, .ofs_x = 0, .ofs_y = -1},
    {.bitmap_index = 7405, .adv_w = 256, .box_w = 16, .box_h = 16, .ofs_x = 0, .ofs_y = -2},
    {.bitmap_index = 7661, .adv_w = 256, .box_w = 16, .box_h = 16, .ofs_x = 0, .ofs_y = -2},
    {.bitmap_index = 7917, .adv_w = 256, .box_w = 16, .box_h = 15, .ofs_x = 0, .ofs_y = -2},
    {.bitmap_index = 8157, .adv_w = 256, .box_w = 13, .box_h = 15, .ofs_x = 1, .ofs_y = -2},
    {.bitmap_index = 8352, .adv_w = 256, .box_w = 15, .box_h = 16, .ofs_x = 0, .ofs_y = -2},
    {.bitmap_index = 8592, .adv_w = 256, .box_w = 16, .box_h = 15, .ofs_x = 0, .ofs_y = -3},
    {.bitmap_index = 8832, .adv_w = 256, .box_w = 16, .box_h = 15, .ofs_x = 0, .ofs_y = -2},
    {.bitmap_index = 9072, .adv_w = 256, .box_w = 14, .box_h = 16, .ofs_x = 1, .ofs_y = -2},
    {.bitmap_index = 9296, .adv_w = 256, .box_w = 16, .box_h = 15, .ofs_x = 0, .ofs_y = -2},
    {.bitmap_index = 9536, .adv_w = 256, .box_w = 16, .box_h = 15, .ofs_x = 0, .ofs_y = -2},
    {.bitmap_index = 9776, .adv_w = 256, .box_w = 16, .box_h = 15, .ofs_x = 0, .ofs_y = -2},
    {.bitmap_index = 10016, .adv_w = 256, .box_w = 16, .box_h = 16, .ofs_x = 0, .ofs_y = -2},
    {.bitmap_index = 10272, .adv_w = 256, .box_w = 16, .box_h = 15, .ofs_x = 0, .ofs_y = -2},
    {.bitmap_index = 10512, .adv_w = 256, .box_w = 16, .box_h = 16, .ofs_x = 0, .ofs_y = -2},
    {.bitmap_index = 10768, .adv_w = 256, .box_w = 16, .box_h = 15, .ofs_x = 0, .ofs_y = -2},
    {.bitmap_index = 11008, .adv_w = 256, .box_w = 15, .box_h = 15, .ofs_x = 1, .ofs_y = -2},
    {.bitmap_index = 11233, .adv_w = 256, .box_w = 16, .box_h = 15, .ofs_x = 0, .ofs_y = -2},
    {.bitmap_index = 11473, .adv_w = 256, .box_w = 16, .box_h = 15, .ofs_x = 0, .ofs_y = -2},
    {.bitmap_index = 11713, .adv_w = 256, .box_w = 14, .box_h = 15, .ofs_x = 1, .ofs_y = -2},
    {.bitmap_index = 11923, .adv_w = 256, .box_w = 16, .box_h = 15, .ofs_x = 0, .ofs_y = -2},
    {.bitmap_index = 12163, .adv_w = 256, .box_w = 16, .box_h = 16, .ofs_x = 0, .ofs_y = -2},
    {.bitmap_index = 12419, .adv_w = 256, .box_w = 14, .box_h = 15, .ofs_x = 0, .ofs_y = -2},
    {.bitmap_index = 12629, .adv_w = 256, .box_w = 15, .box_h = 15, .ofs_x = 0, .ofs_y = -2},
    {.bitmap_index = 12854, .adv_w = 256, .box_w = 16, .box_h = 16, .ofs_x = 0, .ofs_y = -2},
    {.bitmap_index = 13110, .adv_w = 256, .box_w = 16, .box_h = 15, .ofs_x = 0, .ofs_y = -2},
    {.bitmap_index = 13350, .adv_w = 256, .box_w = 16, .box_h = 15, .ofs_x = 0, .ofs_y = -2},
    {.bitmap_index = 13590, .adv_w = 256, .box_w = 16, .box_h = 15, .ofs_x = 0, .ofs_y = -2},
    {.bitmap_index = 13830, .adv_w = 256, .box_w = 14, .box_h = 14, .ofs_x = 1, .ofs_y = -1}
};

/*---------------------
 *  CHARACTER MAPPING
 *--------------------*/

static const uint16_t unicode_list_1[] = {
    0x0, 0x30, 0x1d6, 0x2c4, 0x35a, 0x3ef, 0x54a, 0x5ec,
    0xb29, 0xd93, 0x101c, 0x109b, 0x14de, 0x14fe, 0x1639, 0x17c0,
    0x17d5, 0x17eb, 0x192f, 0x257c, 0x2730, 0x342a, 0x35d1, 0x3bc7,
    0x3df8, 0x4161, 0x41d0, 0x41f5, 0x41fe, 0x4957
};

/*Collect the unicode lists and glyph_id offsets*/
static const lv_font_fmt_txt_cmap_t cmaps[] =
{
    {
        .range_start = 32, .range_length = 95, .glyph_id_start = 1,
        .unicode_list = NULL, .glyph_id_ofs_list = NULL, .list_length = 0, .type = LV_FONT_FMT_TXT_CMAP_FORMAT0_TINY
    },
    {
        .range_start = 19979, .range_length = 18776, .glyph_id_start = 96,
        .unicode_list = unicode_list_1, .glyph_id_ofs_list = NULL, .list_length = 30, .type = LV_FONT_FMT_TXT_CMAP_SPARSE_TINY
    }
};



/*--------------------
 *  ALL CUSTOM DATA
 *--------------------*/

#if LVGL_VERSION_MAJOR == 8
/*Store all the custom data of the font*/
static  lv_font_fmt_txt_glyph_cache_t cache;
#endif

#if LVGL_VERSION_MAJOR >= 8
static const lv_font_fmt_txt_dsc_t font_dsc = {
#else
static lv_font_fmt_txt_dsc_t font_dsc = {
#endif
    .glyph_bitmap = glyph_bitmap,
    .glyph_dsc = glyph_dsc,
    .cmaps = cmaps,
    .kern_dsc = NULL,
    .kern_scale = 0,
    .cmap_num = 2,
    .bpp = 8,
    .kern_classes = 0,
    .bitmap_format = 0,
#if LVGL_VERSION_MAJOR == 8
    .cache = &cache
#endif
};



/*-----------------
 *  PUBLIC FONT
 *----------------*/

/*Initialize a public general font descriptor*/
#if LVGL_VERSION_MAJOR >= 8
const lv_font_t lv_font_simhei_16 = {
#else
lv_font_t lv_font_simhei_16 = {
#endif
    .get_glyph_dsc = lv_font_get_glyph_dsc_fmt_txt,    /*Function pointer to get glyph's data*/
    .get_glyph_bitmap = lv_font_get_bitmap_fmt_txt,    /*Function pointer to get glyph's bitmap*/
    .line_height = 19,          /*The maximum line height required by the font*/
    .base_line = 3,             /*Baseline measured from the bottom of the line*/
#if LV_VERSION_CHECK(9, 6, 0) || LVGL_VERSION_MAJOR >= 10
    .cap_height = 11,           /*by 工具/gen_lvgl_font.py: 从字体实测*/
    .x_height = 8,             /*by 工具/gen_lvgl_font.py: 从字体实测*/
#endif
#if !(LVGL_VERSION_MAJOR == 6 && LVGL_VERSION_MINOR == 0)
    .subpx = LV_FONT_SUBPX_NONE,
#endif
#if LV_VERSION_CHECK(7, 4, 0) || LVGL_VERSION_MAJOR >= 8
    .underline_position = -1,
    .underline_thickness = 1,
#if LV_VERSION_CHECK(9, 3, 0)
    .static_bitmap = 1,    /*by 工具/gen_lvgl_font.py: 缺它零拷贝快路径不成立*/
#endif
#endif
    .dsc = &font_dsc,          /*The custom font data. Will be accessed by `get_glyph_bitmap/dsc` */
#if LV_VERSION_CHECK(8, 2, 0) || LVGL_VERSION_MAJOR >= 9
    .fallback = NULL,
#endif
    .user_data = NULL,
};



#endif /*#if LV_FONT_SIMHEI_16*/

